Book_Title,Book_Author,Year_Of_Publication,Publisher,Book_Rating,label
Daisy Fay and the Miracle Man,Fannie Flagg,1992,Warner Books,0,2
Cold Blooded,Lisa Jackson,2002,Zebra Books,0,2
Nights in Rodanthe,Nicholas Sparks,2002,Warner Books,0,2
The Grapes of Wrath,John Steinbeck,1976,Penguin USA,0,2
Kiss the Girls,James Patterson,1995,Warner Books,0,2
Seven Habits Of Highly Effective People,Stephen R. Covey,1990,Free Press,0,2
Mother of Pearl,Melinda Haynes,1999,Hyperion,0,2
"Valley of the Horses (Auel, Jean M. , Earth's Children.)",Jean M. Auel,1983,Bantam Doubleday Dell,0,2
Confessions of a Shopaholic (Summer Display Opportunity),SOPHIE KINSELLA,2001,Delta,0,2
Cold Sassy Tree,Olive Ann Burns,1986,Delta,0,2
Notes from a Small Island,Bill Bryson,1997,Perennial,0,2
East of the Mountains,David Guterson,1999,Harcourt,0,2
L Is for Lawless (Kinsey Millhone Mysteries),Sue Grafton,1995,Henry Holt &amp; Company,0,2
"The Shelters of Stone (Earth's Children Series, No 5)",JEAN M. AUEL,2002,Crown,0,2
CAT'S EYE,MARGARET ATWOOD,1989,Bantam,0,2
A Is for Alibi (Kinsey Millhone Mysteries (Paperback)),SUE GRAFTON,1987,Bantam,0,2
Slow Waltz in Cedar Bend,Robert James Waller,1993,Warner Books,0,2
You Belong To Me,Mary Higgins Clark,1999,Pocket Books,0,0
Embraced by the Light,Betty J. Eadie,1994,Bantam Books,0,2
Diary of a Mad Bride (Summer Display Opportunity),Laura Wolf,2002,Delta,0,2
"Cry, the Beloved Country (Oprah's Book Club)",Alan Paton,2003,Scribner,0,2
Here on Earth (Oprah's Book Club),Alice Hoffman,1999,Berkley Publishing Group,0,1
Song of Solomon (Oprah's Book Club (Paperback)),Toni Morrison,1987,Plume Books,0,2
To the Nines: A Stephanie Plum Novel,Janet Evanovich,2003,St. Martin's Press,0,2
Monster : A Novel (Alex Delaware Novels (Paperback)),JONATHAN KELLERMAN,2000,Ballantine Books,0,4
Chicken Soup for the Teenage Soul (Chicken Soup for the Soul),Jack Canfield,1997,Health Communications,0,2
The Autobiography of Malcolm X,Malcolm X,1989,Ballantine Books,0,4
Hornet's Nest,Patricia Daniels Cornwell,1997,Putnam Publishing Group,0,1
Animal Dreams,Barbara Kingsolver,1991,Perennial,0,2
A Fine Balance,Rohinton Mistry,2001,Vintage Books USA,0,2
Lucky,Alice Sebold,1999,Scribner,9,2
Cane River,Lalita Tademy,2001,Warner Books,8,2
Seduction in Death,J. D. Robb,2001,Berkley Publishing Group,0,1
Deadly Decisions,Kathy Reichs,2001,Pocket Books,0,0
"The Golden Compass (His Dark Materials, Book 1)",PHILIP PULLMAN,1997,Del Rey,0,2
Watermelon,Marian Keyes,2002,Perennial,0,2
Animal Husbandry,Laura Zigman,2001,Delta,0,2
Ella Minnow Pea: A Novel in Letters,Mark Dunn,2002,Anchor Books/Doubleday,8,2
Fat Tuesday,Sandra Brown,1998,Warner Vision,0,2
Cane River (Oprah's Book Club (Paperback)),Lalita Tademy,2002,Warner Books,0,2
Shopgirl : A Novella,Steve Martin,2000,Hyperion Press,0,2
A 2nd Helping of Chicken Soup for the Soul (Chicken Soup for the Soul Series (Paper)),Jack Canfield,1994,Health Communications,0,2
The Sixteen Pleasures: A Novel,Robert Hellenga,1995,Delta,0,2
"Word Freak: Heartbreak, Triumph, Genius, and Obsession in the World of Competitive Scrabble Players",Stefan Fatsis,2002,Penguin Books,0,2
High Fidelity,Nick Hornby,1996,Riverhead Books,0,2
Endangered Species (Anna Pigeon Mysteries (Paperback)),Nevada Barr,1998,Avon,0,2
The Girls' Guide to Hunting and Fishing,Melissa Bank,1999,Viking Books,0,2
The Rapture of Canaan,Sheri Reynolds,1997,Berkley Publishing Group,0,1
What Looks Like Crazy On An Ordinary Day,Pearl Cleage,1998,Perennial,0,2
Sea Glass: A Novel,Anita Shreve,2002,"Little, Brown",0,2
Black and Blue : A Novel,ANNA QUINDLEN,1998,Random House,0,2
Open House,Elizabeth Berg,2000,Random House Trade,0,2
Grand Avenue,Joy Fielding,2002,Pocket Star,0,0
Crocodile on the Sandbank,Elizabeth Peters,1988,Warner Books,0,2
If I'd Killed Him When I Met Him (Elizabeth MacPherson Novels (Paperback)),SHARYN MCCRUMB,1996,Fawcett,0,2
Shell Seekers,Rosamunde Pilcher,1996,Dell,0,2
Pop Goes the Weasel,James Patterson,1999,Replica Books,0,2
Death du Jour,Kathy Reichs,1999,Scribner,0,2
Rubyfruit Jungle,Rita Mae Brown,1983,Bantam Books,7,2
M Is for Malice (Kinsey Millhone Mysteries (Hardcover)),Sue Grafton,1996,Henry Holt &amp; Company,0,2
Big Stone Gap,Adriana Trigiani,2003,Fawcett Books,0,2
Hiroshima,John Hersey,1989,Vintage Books USA,0,2
Time Flies,BILL COSBY,1988,Bantam,0,2
"Girlfriends: Invisible Bonds, Enduring Ties",Carmen Renee Berry,1995,Wildcat Canyon Press,0,2
The Chosen,Chaim Potok,1995,Fawcett Books,0,2
A Son of the Circus,John Irving,1995,Ballantine Books,0,4
A Short Guide to a Happy Life,ANNA QUINDLEN,2000,Random House,7,2
Portrait of a Killer: Jack the Ripper -- Case Closed,Patricia Cornwell,2002,G. P. Putnam's Sons,0,2
Envy,Sandra Brown,2002,Warner Books,0,2
Story of O,Pauline Reage,1989,Ballantine Books,0,4
Women Who Run with the Wolves,CLARISSA PINKOLA PHD ESTES,1996,Ballantine Books,0,4
Portrait in Death,Nora Roberts,2003,Berkley Publishing Group,0,1
The Blind Assassin,Margaret Atwood,2001,Anchor Books/Doubleday,0,2
Silent Treatment,Michael Palmer,1996,Bantam Books,0,2
Straight Man : A Novel (Vintage Contemporaries),RICHARD RUSSO,1998,Vintage,0,2
Numbered Account,CHRISTOPHER REICH,1998,Dell,0,2
Geek Love,Katherine Dunn,1993,Warner Books,0,2
The Grilling Season,Diane Mott Davidson,1998,Bantam Books,0,2
Tough Cookie,Diane Mott Davidson,2001,Bantam Books,0,2
The Woman Warrior : Memoirs of a Girlhood Among Ghosts,MAXINE HONG KINGSTON,1989,Vintage,0,2
The Hundred Secret Senses,Amy Tan,1996,Ivy Books,0,2
Unnatural Exposure,Patricia Daniels Cornwell,1997,Putnam Pub Group,0,2
Exclusive,Sandra Brown,1997,Warner Books,0,2
The Color Purple,Alice Walker,1990,Pocket,0,0
The Deep End of the Ocean (Oprah's Book Club (Hardcover)),Jacquelyn Mitchard,1996,Penguin USA,5,2
A Theory of Relativity,Jacquelyn Mitchard,2002,HarperTorch,0,2
Jemima J,Jane Green,0,Penguin Putnam~trade,8,2
It's My F---ing Birthday : A Novel,MERRILL MARKOE,2002,Villard,0,2
Child of My Heart,Alice McDermott,2002,Farrar Straus &amp; Giroux,0,2
Moo,Jane Smiley,1996,Ballantine Books,0,4
In the Kitchen With Rosie: Oprah's Favorite Recipes,Rosie Daley,1994,Alfred A. Knopf,0,2
Fingersmith,Sarah Waters,2002,Riverhead Books,0,2
No Second  Chance,Harlan Coben,2003,Dutton Books,0,2
"Life Strategies: Doing What Works, Doing What Matters",Phillip C. McGraw,2000,Hyperion,0,2
Grave Secrets (Temperance Brennan Novel (Hardcover)),Kathy Reichs,2002,Scribner,0,2
Dr. Atkins' New Diet Revolution,Robert C. Atkins,2001,Avon Books,0,2
The House of Thunder,Dean R. Koontz,1993,Berkley Publishing Group,0,1
Obasan,Joy Kogawa,1983,Penguin Books,0,2
Show of Evil,William Diehl,1996,Ballantine Books,0,4
The Other Daughter,LISA GARDNER,1999,Bantam,0,2
A Rose For Her Grave &amp; Other True Cases (Ann Rule's Crime Files),Ann Rule,1993,Pocket,0,0
"I Don't Know How She Does It: The Life of Kate Reddy, Working Mother",Allison Pearson,2002,Alfred A. Knopf,0,2
Strange Highways,Dean Koontz,1996,Warner Books,0,2
Gates of Paradise,V.C. Andrews,1989,Pocket,0,0
Their Eyes Were Watching God,Zora Neale Hurston,1998,Perennial,9,2
Vittorio the Vampire: New Tales of the Vampires,Anne Rice,1999,Alfred A. Knopf,0,2
The Road to Omaha,Robert Ludlum,1993,Bantam Books,0,2
The Fourth Hand,JOHN IRVING,2001,Random House,0,2
Finding Moon,Tony Hillerman,1996,HarperTorch,0,2
"Morning, Noon &amp; Night",Sidney Sheldon,1996,Warner Books,0,2
The Claiming of Sleeping Beauty (Erotic Adventures of Sleeping Beauty),Rice Anne,1999,Plume Books,0,2
That Camden Summer,Lavyrle Spencer,1997,Jove Books,0,2
Where Are the Children?,Mary Higgins Clark,1992,Pocket,0,0
A Heartbreaking Work Of Staggering Genius : A Memoir Based on a True Story,Dave Eggers,2000,Simon &amp; Schuster,0,2
The Pull of the Moon,Elizabeth Berg,1997,Jove Books,0,2
The Mark: The Beast Rules the World (Left Behind #8),Tim LaHaye,2000,Tyndale House Publishers,0,2
The Mammoth Hunters (Earth's Children (Paperback)),JEAN M. AUEL,1986,Bantam,0,2
Harry Potter and the Chamber of Secrets (Book 2),J. K. Rowling,1999,Scholastic,0,2
Go Ask Alice,Anonymous,1998,Simon Pulse,0,2
Stargirl,JERRY SPINELLI,2002,Knopf Books for Young Readers,0,2
The Hobbit : The Enchanting Prelude to The Lord of the Rings,J.R.R. TOLKIEN,1986,Del Rey,0,2
No Safe Place,RICHARD NORTH PATTERSON,1999,Ballantine Books,0,4
Dark Lady,Richard North Patterson,2000,Ballantine Books,0,4
The Devil's Teardrop,Jeffery Deaver,2000,Pocket,0,0
All I Really Need to Know,ROBERT FULGHUM,1989,Ivy Books,0,2
Charlotte's Web (Trophy Newbery),E. B. White,1974,HarperTrophy,0,2
The Lion's Game,Nelson DeMille,2000,Warner Books,0,2
Dark Rivers of the Heart,Dean R. Koontz,1995,Ballantine Books,0,4
The Horse Whisperer,Nicholas Evans,1996,Dell,0,2
Night,Elie Wiesel,1982,Bantam Books,0,2
Timeline,MICHAEL CRICHTON,2000,Ballantine Books,0,4
The Prometheus Deception,Robert Ludlum,2001,St. Martin's Press,0,2
This Year It Will Be Different: And Other Stories,Maeve Binchy,1997,Dell,0,2
The Princess Bride: S Morgenstern's Classic Tale of True Love and High Adventure,WILLIAM GOLDMAN,1987,Del Rey,0,2
"Like Water for Chocolate: A Novel in Monthly Installments, With Recipes, Romances, and Home Remedies",Laura Esquivel,1992,Doubleday Books,0,2
Dance upon the Air (Three Sisters Island Trilogy),Nora Roberts,2003,Jove Books,0,5
The Stranger,ALBERT CAMUS,1989,Vintage,0,2
The Perfect Storm : A True Story of Men Against the Sea,Sebastian Junger,1998,HarperTorch,0,2
Chicken Soup for the College Soul : Inspiring and Humorous Stories for College Students (Chicken Soup for the Soul),Jack Canfield,1999,Health Communications,0,2
FORREST GUMP (Movie Tie in),Winston Groom,1994,Pocket,0,0
Jurassic Park,Michael Crichton,1999,Ballantine Books,0,4
Shopaholic Takes Manhattan (Summer Display Opportunity),Sophie Kinsella,2002,Delta,0,2
The Blue Nowhere : A Novel,Jeffery Deaver,2002,Pocket,0,0
Confessions of an Ugly Stepsister : A Novel,Gregory Maguire,2000,Regan Books,0,2
Tribulation Force: The Continuing Drama of Those Left Behind (Left Behind No. 2),Tim LaHaye,1997,Tyndale House Publishers,0,2
4 Blondes,Candace Bushnell,2002,Signet Book,0,3
The Empty Chair,Jeffery Deaver,2001,Pocket,0,0
Betrayal in Death,Nora Roberts,2001,Berkley Publishing Group,0,1
The Lord of the Rings (Movie Art Cover),J.R.R. Tolkien,2001,Houghton Mifflin Company,0,2
The Regulators,Stephen King,2002,Signet Book,0,3
Sein Language,JERRY SEINFELD,1993,Bantam,8,2
Lake Wobegon days,Garrison Keillor,1986,Penguin Books,0,2
Merrick (Vampire/Witches Chronicles),Anne Rice,2001,Ballantine Books,0,4
Vector,Robin Cook,2000,Berkley Publishing Group,0,1
The Partner,John Grisham,1998,Dell Publishing Company,0,2
Snow Falling on Cedars,David Guterson,1995,Vintage Books USA,0,2
Congo,Michael Crichton,1995,Ballantine Books,0,4
Lake Wobegon Days,Garrison Keillor,1985,Penguin USA,8,2
Breakfast of Champions,Kurt Vonnegut,1991,Dell Publishing Company,5,2
The Hunt for Red October,Tom Clancy,1985,Berkley Publishing Group,9,1
Harry Potter and the Order of the Phoenix (Book 5),J. K. Rowling,2003,Scholastic,0,2
The Amazing Adventures of Kavalier &amp; Clay,Michael Chabon,2001,Picador,0,2
The Voice of the Night,Dean R. Koontz,1996,Berkley Publishing Group,7,1
Name of the Rose-Nla,Umberto Eco,1984,Warner Books,8,2
Prey,Michael Crichton,2003,Avon Books,0,4
Koko,Peter Straub,1995,Signet Book,9,3
Sphere,MICHAEL CRICHTON,1988,Ballantine Books,8,4
The Lost World,Michael Crichton,1996,Ballantine Books,8,4
Fatal Cure,Robin Cook,1997,Berkley Publishing Group,0,1
Chosen Prey,John Sandford,2004,Berkley Publishing Group,0,1
Life's Little Instruction Book (Life's Little Instruction Books (Paperback)),H. Jackson Brown,1991,Thomas Nelson,0,2
From the Corner of His Eye,Dean Koontz,2001,Bantam Books,0,2
The Cove,Catherine Coulter,1996,Jove Books,8,2
The House of the Spirits,Isabel Allende,1986,Bantam Books,0,2
Jitterbug Perfume,TOM ROBBINS,1990,Bantam,10,2
Mutation,Robin Cook,1991,Berkley Publishing Group,7,1
Midnight's Children,Salman Rushdie,1995,Penguin Books,0,2
My Dream of You,Nuala O'Faolain,2002,Riverhead Books,7,2
From a Buick 8,Stephen King,2003,Pocket Books,8,3
Julie and Romeo: A Novel,Jeanne Ray,2001,Onyx Books,8,2
The Undertaker's Widow,Phillip Margolin,1999,Bantam Books,0,2
Disclosure,Michael Crichton,1994,Alfred A. Knopf,8,2
The Fallen Man (Joe Leaphorn Novels),Tony Hillerman,1997,HarperTorch,0,2
All Around the Town,Mary Higgins Clark,1993,Pocket Star,0,0
Reap the Wind,Iris Johansen,2002,Bantam Books,0,2
Unspeakable,Sandra Brown,1999,Warner Books,0,2
The Edge,Catherine Coulter,2000,Jove Books,0,2
Heaven and Earth (Three Sisters Island Trilogy),Nora Roberts,2003,Jove Books,0,5
Long After Midnight,IRIS JOHANSEN,1997,Bantam,0,2
Safe Harbor,Luanne Rice,2003,Bantam Books,0,2
"Whirlwind (Tyler, Book 1)",Nancy Martin,1992,Harlequin,0,2
I'll Take Manhattan,Judith Krantz,1987,Bantam Books,0,2
Sea Swept (Quinn Brothers (Paperback)),Nora Roberts,2001,Jove Books,0,5
The Playboy,Carly Phillips,2003,Warner Forever,0,2
Key of Light (Key Trilogy (Paperback)),Nora Roberts,2003,Jove Books,0,5
Born in Shame,Nora Roberts,1996,Jove Books,0,5
Drums of Autumn,DIANA GABALDON,1997,Dell,0,2
Irish Hearts,Nora Roberts,2000,Silhouette,0,5
Nerd in Shining Armor,Vicki Lewis Thompson,2003,Dell Publishing Company,0,2
Jewels of the Sun (Irish Trilogy),Nora Roberts,2004,Jove Books,0,5
River's End,Nora Roberts,2003,Jove Books,0,5
Tears of the Moon (Irish Trilogy),Nora Roberts,2000,Jove Books,0,5
Follow the Stars Home,Luanne Rice,2001,Bantam Books,0,2
Night Whispers,Judith McNaught,1999,Pocket,0,0
Final Target,Iris Johansen,2002,Bantam Books,0,2
Table For Two,Nora Roberts,2002,Silhouette,0,5
Bitter Sweet,LaVyrle Spencer,1995,Jove Books,0,2
Heart of the Sea (Irish Trilogy),Nora Roberts,2000,Jove Books,0,5
Cry Wolf,TAMI HOAG,1993,Bantam,0,2
The Ugly Duckling,Iris Johansen,1997,Bantam Books,0,2
Out of the Shadows (Shadows Trilogy (Paperback)),Kay Hooper,2000,Bantam Books,0,2
Touching Evil,Kay Hooper,2001,Bantam Books,0,2
She Went All the Way (Avon Light Contemporary Romances),Meggin Cabot,2002,Avon,0,2
Anne of Green Gables (Anne of Green Gables Novels (Paperback)),L.M. MONTGOMERY,1982,Bantam Classics,0,2
Time And Again,Nora Roberts,2001,Silhouette,0,5
"Forever... : A Novel of Good and Evil, Love and Hope",Jude Deveraux,2002,Pocket,0,0
A Civil Action,JONATHAN HARR,1996,Vintage,0,2
He Sees You When You're Sleeping : A Novel,Carol Higgins Clark,2002,Pocket,5,0
The Maze,Catherine Coulter,1998,Jove Books,0,2
Carnal Innocence,Nora Roberts,1992,Bantam Books,0,5
Pandora : New Tales of the Vampires,ANNE RICE,1998,Knopf,0,2
Anne of Avonlea (Anne of Green Gables Novels (Paperback)),L.M. MONTGOMERY,1984,Bantam Classics,0,2
The Gift,DANIELLE STEEL,1996,Dell,0,6
Dating Without Novocaine (Red Dress Ink),Lisa Cach,2002,Red Dress Ink,0,2
Macgregor Brides (Macgregors),Nora Roberts,1997,Silhouette,0,5
Malice,DANIELLE STEEL,1997,Dell,0,6
Open Season,Linda Howard,2002,Pocket,10,0
Heartbreaker,Julie Garwood,2001,Pocket,0,0
Fast Women,Jennifer Crusie,2002,St. Martin's Press,0,2
Plain Jane,Fern Michaels,2002,Zebra Books,0,2
The Target,Catherine Coulter,1999,Jove Books,0,2
Voyager,DIANA GABALDON,1994,Dell,0,2
Faking It,Jennifer Crusie,2002,St. Martin's Press,0,2
Anne of the Island,Lucy Maud Montgomery,1983,Bantam Classics,0,2
Summer Pleasures,Nora Roberts,2002,Silhouette,0,5
Now You See Her,Linda Howard,1999,Pocket Books,7,0
Bloody Bones (Anita Blake Vampire Hunter (Paperback)),Laurell K. Hamilton,2001,ACE Charter,0,2
Riptide,Catherine Coulter,2001,Jove Books,5,2
False Pretenses,Catherine Coulter,2004,Signet Book,0,3
Macgregor Grooms (Macgregors),Nora Roberts,1998,Silhouette,0,5
Where You Belong,Barbara Taylor Bradford,2000,Dell Publishing Company,0,2
Born in Ice,Nora Roberts,1996,Berkley Publishing Group,0,1
The Perfect Summer,Luanne Rice,2003,Bantam Books,0,2
Daring to Dream,Nora Roberts,1996,Jove Books,0,5
Distant Shores,Kristin Hannah,2003,Ballantine Books,0,4
"A Wizard of Earthsea (Earthsea Trilogy, Book 1)",URSULA K. LE GUIN,1984,Bantam,0,2
"The Bad Beginning (A Series of Unfortunate Events, Book 1)",Lemony Snicket,1999,HarperCollins,7,2
Sabine's Notebook: In Which the Extraordinary Correspondence of Griffin &amp; Sabine Continues,Nick Bantock,1992,Chronicle Books,9,2
White Oleander : A Novel (Oprah's Book Club),Janet Fitch,2000,Back Bay Books,0,2
Oryx and Crake,Margaret Atwood,2003,Nan A. Talese,0,2
Griffin &amp; Sabine: An Extraordinary Correspondence,Nick Bantock,1991,Chronicle Books,0,2
The No. 1 Ladies' Detective Agency (Today Show Book Club #8),Alexander McCall Smith,2003,Anchor,0,2
Angels &amp; Demons,Dan Brown,2001,Pocket Star,0,0
The House on Mango Street (Vintage Contemporaries),SANDRA CISNEROS,1991,Vintage,0,2
The Handmaid's Tale,Margaret Atwood,1989,Fawcett Books,0,2
Alias Grace,Margaret Atwood,1996,Nan A. Talese,0,2
The Lovely Bones,Alice Sebold,2004,Back Bay Books,0,2
Sula,Toni Morrison,2002,Plume Books,0,2
Mutant Message Down Under,Marlo Morgan,1995,Perennial,0,2
The God of Small Things,Arundhati Roy,1998,Perennial,10,2
Interpreter of Maladies,Jhumpa Lahiri,1999,Houghton Mifflin Co,0,2
The Bonesetter's Daughter,Amy Tan,2001,Putnam Publishing Group,0,1
Foucault's Pendulum,Umberto Eco,1990,Ballantine Books,0,4
The Mists of Avalon,MARION ZIMMER BRADLEY,1987,Del Rey,8,2
Xenocide (Ender Wiggins Saga (Paperback)),Orson Scott Card,1992,Tor Books,0,2
Speaker for the Dead (Ender Wiggins Saga (Paperback)),Orson Scott Card,1994,Tor Books,8,2
The Martian Chronicles,RAY BRADBURY,1984,Spectra,0,2
stardust,Neil Gaiman,2001,Perennial,0,2
Confessions of a Shopaholic,SOPHIE KINSELLA,2003,Dell,0,2
Eva Luna,Isabel Allende,1989,Bantam Books,0,2
"The Amber Spyglass (His Dark Materials, Book 3)",PHILIP PULLMAN,2001,Del Rey,0,2
The Forest House,Marion Zimmer Bradley,1995,Roc,0,2
A Spell for Chameleon (Xanth Novels (Paperback)),Piers Anthony,1987,Del Rey Books,0,2
Memoirs of a Geisha Uk,Arthur Golden,0,Trafalgar Square,0,2
Survivor : A Novel,CHUCK PALAHNIUK,2000,Anchor,0,2
The Flanders Panel,ARTURO PEREZ-REVERTE,1996,Bantam,0,2
The Sparrow,MARY DORIA RUSSELL,1997,Fawcett Books,8,2
Succulent Wild Woman,Sark,1997,Fireside,0,2
Mrs Dalloway,Virginia Woolf,1990,Harvest Books,0,2
Running with Scissors: A Memoir,Augusten Burroughs,2003,Picador USA,0,2
The Tenth Insight : Holding the Vision,James Redfield,1996,Warner Books,0,2
The Artist's Way : A Spiritual Path to Higher Creativity,Julia Cameron,1992,Jeremy P. Tarcher,0,2
Einstein's Dreams,Alan Lightman,1994,Warner Books,0,2
I Capture the Castle,Dodie Smith,1999,St. Martin's Griffin,0,2
Cheet (Plume Books),Anna Davis,2003,Plume Books,0,2
Don't Let's Go to the Dogs Tonight : An African Childhood,ALEXANDRA FULLER,2003,Random House Trade Paperbacks,8,2
Mortal Prey,John Sandford,2002,Putnam Publishing Group,9,1
Daddy's Little Girl,Mary Higgins Clark,2002,Simon &amp; Schuster,9,0
Full Tilt (Janet Evanovich's Full Series),Janet Evanovich,2003,St. Martin's Paperbacks,9,2
Trading Places,Fern Michaels,2003,Pocket Star,9,0
The Last Juror,John Grisham,2004,Doubleday,10,2
Split Second,David Baldacci,2003,Warner Books,8,2
The Second Time Around : A Novel,Mary Higgins Clark,2003,Simon &amp; Schuster,9,0
Key of Knowledge (Key Trilogy (Paperback)),Nora Roberts,2003,Jove Books,10,5
"Key of Valor (Roberts, Nora. Key Trilogy, 3.)",Nora Roberts,2003,Jove Pubns,10,5
The Guardian,Nicholas Sparks,2003,Warner Books,9,2
Isle of Dogs,Patricia Daniels Cornwell,2001,Putnam Publishing Group,9,1
Blow Fly: A Scarpetta Novel,Patricia Cornwell,2003,Putnam Publishing Group,10,1
Last Man Standing,David Baldacci,2001,Warner Books,8,2
The Penwyth Curse,Catherine Coulter,2004,Jove Books,9,2
16 Lighthouse Road,Debbie Macomber,2001,Mira,8,2
204 Rosewood Lane,Debbie Macomber,2002,Mira,8,2
Face the Fire (Three Sisters Island Trilogy),Nora Roberts,2002,Jove Books,9,5
Reunion in Death,J. D. Robb,2002,Berkley Publishing Group,8,1
True Blue,Luanne Rice,2002,Bantam Books,8,2
Doing Good,Pamela Morsi,2002,Mira Books,9,2
Imitation in Death (Eve Dallas Mysteries (Paperback)),J. D. Robb,2004,Berkley Publishing Group,10,1
The Big Bad Wolf: A Novel,James Patterson,2003,"Little, Brown",9,2
Four Blind Mice,James Patterson,2002,"Little, Brown",9,2
American Gods: A Novel,Neil Gaiman,2001,William Morrow,9,2
The Face,DEAN KOONTZ,2003,Bantam,10,2
About Face,Fern Michaels,2003,Zebra Books,5,2
The Lake House,James Patterson,2003,"Little, Brown",10,2
The Frog King: A Love Story,Adam Davies,2002,Riverhead Books,8,2
From a Buick 8 : A Novel,Stephen King,2002,Scribner,9,3
Why Girls Are Weird : A Novel,Pamela Ribon,2003,Downtown Press,5,2
Black House,Stephen King,2001,Random House Trade,10,3
Engaging Men (Red Dress Ink (Paperback)),Lynda Curnyn,2003,Red Dress Ink,9,2
Beach House,Mary Alice Monroe,2002,Mira,9,2
Prey: A Novel,Michael Crichton,2002,HarperCollins,8,2
Haunted,Heather Graham,2003,Mira,10,2
All He Ever Wanted,Anita Shreve,2003,"Little, Brown",8,2
Stone Kiss (Peter Decker &amp; Rina Lazarus Novels (Hardcover)),Faye Kellerman,2002,Warner Books,8,2
Girls Night,Stef Ann Holm,2002,Mira,8,2
Odd Thomas,Dean Koontz,2003,Bantam,10,2
"Eragon (Inheritance, Book 1)",Christopher Paolini,2004,Knopf,10,2
One Door Away from Heaven,Dean R. Koontz,2001,Bantam Books,9,2
The Queen's Fool : A Novel,Philippa Gregory,2004,Touchstone,9,2
Pendragon,Catherine Coulter,2002,Jove Books,8,2
Three Fates,Nora Roberts,2002,Putnam Publishing Group,9,5
Chesapeake Blue (Quinn Brothers (Hardcover)),Nora Roberts,2002,Putnam Publishing Group,9,5
Can You Keep a Secret?,Sophie Kinsella,2004,Dial Books,10,2
Blue Diary,Alice Hoffman,2001,G. P. Putnam's Sons,9,2
Red Rabbit,Tom Clancy,2002,Putnam Publishing Group,8,1
The Christmas Train,David Baldacci,2002,Warner Books,8,2
Dark Water (Mira Romantic Suspense),Sharon Sala,2002,Mira,9,2
Club Dead (Southern Vampire Mysteries),Charlaine Harris,2003,Ace Books,10,2
Firefly Beach,Luanne Rice,2001,Bantam Books,9,2
Naked Prey,John Sandford,2003,Putnam Publishing Group,10,1
Red Dragon,Thomas Harris,2000,Dell Publishing Company,9,2
An Instance of the Fingerpost,Iain Pears,1999,Berkley Publishing Group,8,1
Ender's Game (Ender Wiggins Saga (Paperback)),Orson Scott Card,1994,Tor Books,0,2
Postmortem (Kay Scarpetta Mysteries (Paperback)),Patricia Cornwell,1998,Pocket,8,0
The Death of Vishnu: A Novel,Manil Suri,2002,Perennial,9,2
Bridget Jones: The Edge of Reason,Helen Fielding,2001,Penguin Books,0,2
Neuromancer (Remembering Tomorrow),William Gibson,1995,Ace Books,9,2
Hitchhikers's Guide to the Galaxy,Douglas Adams,1984,Pocket,10,0
Awakening,Kate Chopin,1982,Avon,0,2
Charming Billy,Alice McDermott,1999,Delta,0,2
White Noise (Contemporary American Fiction),Don DeLillo,1991,Penguin Books,9,2
Speak,Laurie Halse Anderson,2001,Speak,9,2
Ishmael: An Adventure of the Mind and Spirit,Daniel Quinn,1995,Bantam,6,2
Dandelion Wine (Grand Master Editions),RAY BRADBURY,1985,Bantam,9,2
Slaughterhouse Five or the Children's Crusade: A Duty Dance With Death,Kurt Vonnegut,1991,Laurel,0,2
Idoru,William Gibson,1997,Berkley Publishing Group,0,1
"Bless Me, Ultima",Rudolfo Anaya,1994,Warner Books,8,2
Nine Stories,J.D. Salinger,1991,"Little, Brown",7,2
SKINNY LEGS AND ALL,TOM ROBBINS,1991,Bantam,10,2
SHAMPOO PLANET : SHAMPOO PLANET,Douglas Coupland,1993,Washington Square Press,8,2
Dune,Frank Herbert,1984,Berkley Publishing Group,10,1
Manhattan Hunt Club,JOHN SAUL,2002,Ballantine Books,0,4
Dark Paradise,TAMI HOAG,1994,Bantam,0,2
The Idiot Girls' Action Adventure Club,Laurie Notaro,2002,Villard Books,8,2
Dance Hall of the Dead (Joe Leaphorn Novels),Tony Hillerman,1990,HarperTorch,0,2
The Bone Collector (Lincoln Rhyme Novels (Paperback)),Jeff Deaver,2004,Signet Book,0,3
Pandora's Clock,John J. Nance,1996,St. Martin's Press,0,2
Hard Time (V.I. Warshawski Novels (Paperback)),SARA PARETSKY,2000,Dell,0,2
Dr. Death (Alex Delaware Novels (Paperback)),Jonathan Kellerman,2001,Ballantine Books,0,4
Black Friday,James Patterson,1989,Warner Vision,0,2
The Prince of Tides,Pat Conroy,1987,Bantam Books,0,2
Thinner,Stephen King,1985,New Amer Library,0,3
Private Screening,Richard North Patterson,1994,Ballantine Books,0,4
Silent Witness,RICHARD NORTH PATTERSON,1997,Ballantine Books,0,4
Postmortem,Patricia Daniels Cornwell,1993,Harper Mass Market Paperbacks (Mm),8,2
Lord of the Flies,William Gerald Golding,1959,Perigee Trade,0,2
Watchers,Dean R. Koontz,1996,Berkley Publishing Group,9,1
Mortal Fear,Robin Cook,1989,Berkley Publishing Group,0,1
Rules of Prey,John Sandford,1992,Berkley Publishing Group,9,1
Harmful Intent,Robin Cook,2001,Berkley Publishing Group,0,1
Vital Signs,Robin Cook,2001,Berkley Publishing Group,8,1
The Hunt for Red October (Jack Ryan Novels),Tom Clancy,1997,Berkley Publishing Group,0,1
Contagion,Robin Cook,1998,Berkley Publishing Group,0,1
Crossings,DANIELLE STEEL,1987,Dell,0,6
Secrets,DANIELLE STEEL,1986,Dell,0,6
Blood Work,Michael Connelly,1998,Warner Books,9,2
Mindbend,Robin Cook,2001,Signet Book,8,3
Dolores Claiborne,Stephen King,2004,Signet Book,8,3
Ashes to Ashes,TAMI HOAG,2000,Bantam,0,2
Seize the Night,DEAN KOONTZ,1999,Bantam,0,2
A Cry In The Night,Mary Higgins Clark,1993,Pocket,6,0
The Diary of Ellen Rimbauer: My Life at Rose Red,Ellen Rimbauer,2002,Hyperion Press,0,2
Shadow Prey,John Sandford,2004,Berkley Publishing Group,0,1
Tom Clancy's Op-Center (Tom Clancy's Op Center (Paperback)),Tom Clancy,1995,Berkley Publishing Group,0,1
A Time to Kill,JOHN GRISHAM,1992,Dell,0,2
The Pelican Brief,John Grisham,1993,Dell,0,2
Smilla's Sense of Snow,Peter Hoeg,1997,Island,0,2
Pet Sematary,Stephen King,1984,Signet Book,0,3
Relic,Douglas Preston,2003,Tor Books,0,2
Moving Target,Elizabeth Lowell,2002,Avon Books,0,2
Tunnel Vision (V.I. Warshawski Novels (Paperback)),Sara Paretsky,1995,Dell,0,2
Forbidden Fruit,Erica Spindler,1996,Mira,0,2
"The Web (Alex Delaware Series, No. 10)",JONATHAN KELLERMAN,1996,Bantam,9,2
Pearl in the Mist (Landry),V.C. Andrews,1994,Pocket,0,0
Winter Prey,John Sandford,2004,Berkley Publishing Group,0,1
The Key to Midnight,Dean R. Koontz,1995,Berkley Publishing Group,0,1
Rising Sun,MICHAEL CRICHTON,1992,Ballantine Books,0,4
Intensity,DEAN KOONTZ,1996,Ballantine Books,9,4
A Widow for One Year,JOHN IRVING,2001,Fawcett,0,2
Guilty as Sin,TAMI HOAG,1997,Bantam,0,2
Life Support,Tess Gerritsen,1998,Pocket,0,0
Empty Promises,Ann Rule,2000,Pocket,0,0
Drowning Ruth (Oprah's Book Club),CHRISTINA SCHWARZ,2001,Ballantine Books,7,4
Gone But Not Forgotten,PHILLIP M. MARGOLIN,1994,Bantam,9,2
"The Vampire Lestat (Vampire Chronicles, Book II)",ANNE RICE,1986,Ballantine Books,0,4
Degree of Guilt,Richard North Patterson,1995,Ballantine Books,8,4
The Genesis Code,John Case,1998,Ballantine Books,0,4
Midnight,Dean R. Koontz,1995,Berkley Publishing Group,0,1
Acceptable Risk,Robin Cook,1996,Berkley Publishing Group,7,1
Invasion,Robin Cook,1997,Berkley Publishing Group,7,1
Rainbow Six,Tom Clancy,2004,Berkley Publishing Group,0,1
Mixed Blessings,DANIELLE STEEL,1993,Dell,0,6
The Witness,Sandra Brown,1996,Warner Books,0,2
Primary Colors: A Novel of Politics,Anonymous,1996,Warner Books,0,2
Master of the Game,Sidney Sheldon,1983,Not Avail,0,2
The Tommyknockers,Stephen King,1994,Signet Book,7,3
Gerald's Game,Stephen King,2001,Signet Book,8,3
Shadows,John Saul,1993,Bantam Books,0,2
Bad Love (Alex Delaware Novels (Paperback)),Jonathan Kellerman,1994,Bantam Books,0,2
The First Wives Club Movie Tie In,Olivia Goldsmith,1996,Pocket,0,0
SEEDS OF YESTERDY (Dollanger Saga (Paperback)),V.C. Andrews,1984,Pocket,0,0
Twilight's Child (Cutler),V.C. Andrews,1992,Pocket,0,0
Call of the Wild,Jack London,0,Selldowns/no More Orders,9,2
The Burden of Proof,Scott Turow,1991,Warner Books,0,2
The Lottery Winner : Alvirah And Willy Stories,Mary Higgins Clark,1995,Pocket,6,0
The Loop,Nicholas Evans,1999,Dell Publishing Company,0,2
"River, Cross My Heart",Breena Clarke,1999,Little Brown &amp; Company,0,2
Sticks &amp; Scones,Diane Mott Davidson,2002,Bantam Books,0,2
Protect and Defend,Richard North Patterson,2001,Ballantine Books,0,4
Plainsong (Vintage Contemporaries),KENT HARUF,2000,Vintage,0,2
Season of the Machete,James Patterson,1995,Warner Books,0,2
"Like Water for Chocolate : A Novel in Monthly Installments with Recipes, Romances, and Home Remedies",LAURA ESQUIVEL,1995,Anchor,0,2
The Sands of Time,Sidney Sheldon,1989,Warner Books,0,2
Animal Farm,George Orwell,2004,Signet,0,2
The Valley of Horses,JEAN M. AUEL,1984,Bantam,0,2
"RUSSIA HOUSE, THE",JOHN LE CARRE,1990,Bantam,0,2
The Sky Is Falling,Sidney Sheldon,2001,Warner Books,0,2
The Mummy or Ramses the Damned,Anne Rice,1991,Ballantine Books,0,4
Abduction,Robin Cook,2000,Berkley Publishing Group,0,1
Hiding in the Shadows (Shadows Trilogy (Paperback)),Kay Hooper,2000,Bantam Books,0,2
Toxin,Robin Cook,1999,Berkley Publishing Group,8,1
Circle of Three: A Novel,Patricia Gaffney,2001,HarperTorch,0,2
The Night Crew,John Sandford,2004,Berkley Publishing Group,9,1
Plain Truth,Jodi Picoult,2001,Washington Square Press,0,2
Eyes of the Dragon,Stephen King,1988,Penguin Putnam~mass,0,3
A Place Called Freedom,Ken Follett,1996,Fawcett Books,0,2
Still Life with Woodpecker,TOM ROBBINS,1990,Bantam,0,2
The Runaway Jury,JOHN GRISHAM,1997,Dell,0,2
It,Stephen King,1987,New Amer Library,0,3
DEAD BY SUNSET : DEAD BY SUNSET,Ann Rule,1996,Pocket,9,0
FIRST WIVES CLUB,Olivia Goldsmith,1993,Pocket,0,0
Blindsight,Robin Cook,1993,Berkley Publishing Group,0,1
It's Always Something,Gilda Radner,1990,Avon,0,2
Devil's Waltz (Alex Delaware Novels (Paperback)),Jonathan Kellerman,1993,Bantam Books,0,2
Shadow Watch (Tom Clancy's Power Plays (Paperback)),Tom Clancy,1999,Berkley Publishing Group,0,1
Doomsday Book,Connie Willis,1993,Spectra Books,8,2
The First Counsel,Brad Meltzer,2001,Warner Vision,0,2
The Poet,Michael Connelly,1997,Warner Books,10,2
Pleading Guilty,Scott Turow,1994,Warner Books,0,2
The First Horseman,John Case,1999,Ballantine Books,0,4
Sanctuary,Nora Roberts,2004,Jove Books,9,5
Prodigal Summer,Barbara Kingsolver,2000,HarperCollins,0,2
Man From St Petersburg,Ken Follett,1983,Penguin Putnam~mass,0,2
Silence of the Lambs,Thomas Harris,1991,St. Martin's Press,9,2
The Corrections,Jonathan Franzen,2001,Farrar Straus &amp; Giroux,0,2
The Bonfire of the Vanities,Tom Wolfe,1988,Bantam Books,0,2
Lie Down With Lions,Ken Follett,1986,New Amer Library (Mm),0,2
The Outside Man,Richard North Patterson,1995,Ballantine Books,0,4
On the Street Where You Live,Mary Higgins Clark,2002,Pocket,0,0
Kiss of the Bees: A Novel of Suspense,J.A. Jance,2001,Avon,8,2
Second Child,John Saul,1997,Bantam Books,0,2
The Winner,David Baldacci,1998,Warner Vision,0,2
Burn Factor,Kyle Mills,2002,HarperTorch,0,2
Fourth Procedure,STANLEY POTTINGER,1995,Ballantine Books,0,4
Cry to Heaven,Anne Rice,1995,Ballantine Books,0,4
The Fool's Run,John Sandford,2004,Berkley Publishing Group,0,1
L Is for Lawless,Sue Grafton,1996,Fawcett Books,0,2
Rendezvous with Rama,Arthur C. Clarke,1990,Bantam,0,2
The Servants of Twilight,Dean R. Koontz,1996,Berkley Publishing Group,8,1
Prime Witness,Steven Paul Martini,1994,Jove Books,0,2
The Doomsday Conspiracy,Sidney Sheldon,1992,Warner Books,6,2
Skeleton Crew,Stephen King,1986,Signet Book,0,3
The Most Wanted,Jacquelyn Mitchard,1998,Viking Books,0,2
Patty Jane's House of Curl,Lorna Landvik,1999,Ivy Books,0,2
Gorky Park,Martin Cruz Smith,1993,Ballantine Books,0,4
Ladder of Years,Anne Tyler,1996,Ballantine Books,0,4
Stalker: A Peter Decker and Rina Lazarus Novel,Faye Kellerman,2001,Avon,0,2
Gone with the Wind,Margaret Mitchell,1993,Warner Books,9,2
Twilight Eyes,Dean R. Koontz,1995,Berkley Publishing Group,0,1
The Search,Iris Johansen,2001,Bantam Books,0,2
The Green Mile: Coffey's Hands (Green Mile Series),Stephen King,1996,Signet Book,9,3
Portrait of a Killer: Jack the Ripper-- Case Closed (Berkley True Crime),Patricia Cornwell,2003,Berkley Publishing Group,0,1
The List,Steven Paul Martini,1997,Jove Books,0,2
Demon Seed,Dean R. Koontz,1997,Berkley Publishing Group,0,1
Job: A Comedy of Justice,Robert A. Heinlein,1990,Del Rey Books,0,2
The Scorpio Illusion,Robert Ludlum,1994,Bantam Books,0,2
"State of Siege (Tom Clancy's Op-Center, 6)",Tom Clancy,1999,Berkley Publishing Group,0,1
Void Moon,Michael Connelly,2001,Warner Vision,0,2
Before Women Had Wings (Ballantine Reader's Circle),Connie May Fowler,1997,Ballantine Books,0,4
The Green Mile: The Bad Death of Eduard Delacroix (Green Mile Series),Stephen King,1996,Signet Book,9,3
The Green Mile: Night Journey (Green Mile Series),Stephen King,1996,Signet Book,0,3
The Green Mile: Coffey on the Mile (Green Mile Series),Stephen King,1996,Signet Book,9,3
Blood Shot (V.I. Warshawski Novels (Paperback)),Sara Paretsky,1989,Dell,0,2
Bygones,LaVyrle Spencer,1996,Jove Books,0,2
Patriot Games (Jack Ryan Novels),Tom Clancy,1992,Berkley Publishing Group,0,1
Zoya,Danielle Steel,1989,Dell,0,6
Ruby (Landry),V.C. Andrews,1994,Pocket,0,0
High Maintenance,Jennifer Belle,2002,Riverhead Books,0,2
Remember When,Judith McNaught,1997,Pocket,0,0
Cloud Nine,Luanne Rice,2000,Bantam Books,0,2
As the Crow Flies,Jeffrey Archer,1992,HarperTorch,0,2
Billy Straight : A Novel,JONATHAN KELLERMAN,1999,Ballantine Books,7,4
A Dangerous Fortune,Ken Follett,1994,Island,0,2
The Laws of Our Fathers,Scott Turow,1997,Warner Books,0,2
The Judge,Steven Paul Martini,1996,Jove Books,0,2
Ground Zero and Beyond,J. P. McCarthy,2003,Xlibris Corporation,0,2
Strangers,Dean R. Koontz,1996,Berkley Publishing Group,0,1
Self-Defense (Alex Delaware Novels (Paperback)),Jonathan Kellerman,1995,Bantam Books,0,2
Accidental Tourist,Anne Tyler,1988,Penguin Putnam~mass,0,2
The Experiment,John Darnton,2000,Signet Book,0,3
The Presence,John Saul,1998,Ballantine Books,0,4
Interest of Justice,Nancy Taylor Rosenberg,1994,Signet Book,0,3
The First Time,Joy Fielding,2001,Pocket Star,8,0
Dances With Wolves,Michael Blake,1990,Fawcett Books,0,2
The Four Agreements: A Practical Guide to Personal Freedom,Don Miguel Ruiz,1997,Amber-Allen Publishing,8,2
After the Fire,Belva Plain,2001,Dell Publishing Company,0,2
Possession : A Romance,A.S. BYATT,1991,Vintage,9,2
Lake News,Barbara Delinsky,2000,Pocket,0,0
The Vineyard,Barbara Delinsky,2001,Pocket Books,8,0
Pay It Forward: A Novel,Catherine Ryan Hyde,2000,Simon &amp; Schuster,0,2
The Program,Stephen White,2002,Dell Publishing Company,0,2
The Legend of Bagger Vance,Steven Pressfield,2000,HarperTorch,10,2
Getting Rid Of Bradley,Jennifer Crusie,2001,Mira,0,2
The Villa,Nora Roberts,2002,Jove Books,0,5
Tell Me Lies (Tell Me Lies),Jennifer Crusie,1999,St. Martin's Press,0,2
Legacy of Silence,Belva Plain,1999,Dell Publishing Company,0,2
Crazy for You,Jennifer Crusie,2000,St. Martin's Press,0,2
The Pillars of the Earth,Ken Follett,1996,Signet Book,0,3
The Saving Graces: A Novel,Patricia Gaffney,2000,HarperTorch,0,2
About a Boy (Movie Tie-In),Nick Hornby,2002,Riverhead Books,0,2
The Hot Zone,Richard Preston,1995,Anchor,8,2
The Girl Who Loved Tom Gordon,Stephen King,2000,Pocket,0,3
The Divine Secrets of the Ya-Ya Sisterhood: A Novel,Rebecca Wells,2002,HarperTorch,9,2
"A Child Called \It\"": One Child's Courage to Survive""",Dave Pelzer,1995,Health Communications,0,2
The Devil Wears Prada : A Novel,LAUREN WEISBERGER,2003,Doubleday,0,2
Nightshade,John Saul,2001,Ballantine Books,0,4
The Left Hand of Darkness (Remembering Tomorrow),Ursula K. Le Guin,1991,ACE Charter,0,2
Angela's Ashes (MMP) : A Memoir,Frank McCourt,1999,Scribner,0,2
Misery,Stephen King,2004,Penguin USA (Paper),0,3
Communion : A True Story,Whitley Strieber,1988,Avon,0,2
Fried Green Tomatoes at the Whistle Stop Cafe,Fannie Flagg,1989,McGraw-Hill,0,2
Open House (Oprah's Book Club (Paperback)),Elizabeth Berg,2001,Ballantine Books,0,4
The Smoke Jumper,Nicholas Evans,2002,Dell Publishing Company,0,2
Sole Survivor,DEAN KOONTZ,1997,Ballantine Books,0,4
Welcome to Temptation,Jennifer Crusie,2001,St. Martin's Paperbacks,0,2
Dead Run,Erica Spindler,2003,Mira,0,2
A Passage to India,E.M. Forster,1965,Harvest Books,0,2
"The Bachman Books: Rage, the Long Walk, Roadwork, the Running Man",Stephen King,1991,New Amer Library,0,3
The Dead Zone,Stephen King,2004,Signet Book,0,3
"The Gunslinger (The Dark Tower, Book 1)",Stephen King,1994,New American Library,0,3
Needful Things,Stephen King,2004,Signet Book,0,3
Tis : A Memoir,Frank McCourt,1999,Scribner,0,2
Neanderthal: A Novel,John Darnton,1997,St. Martin's Press,0,2
London : The Novel,EDWARD RUTHERFURD,1998,Fawcett,0,2
"For Better, for Worse: A Novel",Carole Matthews,2002,Avon Trade,0,2
The Bad Place,Dean R. Koontz,1994,Berkley Publishing Group,9,1
Round Ireland With a Fridge,Tony Hawks,2001,St. Martin's Press,0,2
The Alchemist: A Fable About Following Your Dream,Paulo Coelho,1995,HarperSanFrancisco,0,2
The Killer Angels,Michael Shaara,1993,Ballantine Books,0,4
Female Intelligence,Jane Heller,2002,St. Martin's Paperbacks,0,2
The Eight,Katherine Neville,1995,Ballantine Books,0,4
To Say Nothing of the Dog,Connie Willis,1998,Bantam,0,2
See Jane Date (Red Dress Ink (Paperback)),Melissa Senate,2001,Red Dress Ink,0,2
Milkrun,Sarah Mlynowski,2001,Harlequin,0,2
Lucy Sullivan Is Getting Married,Marian Keyes,2000,Avon,0,2
The Trials of Tiffany Trott,Isabel Wolff,1999,Onyx Books,0,2
Fourplay: A Novel,Jane Moore,2002,Broadway Books,0,2
Tell Me Your Dreams,Sidney Sheldon,1999,Warner Vision,0,2
The Bourne Identity,Robert Ludlum,1984,Bantam Books,0,2
Name Dropping : What If Two Very Different Women Had The Same Exact Name?,Jane Heller,2001,St. Martin's Press,0,2
Generation X: Tales for an Accelerated Culture,Douglas Coupland,1992,St. Martin's Press,0,2
"The Reptile Room (A Series of Unfortunate Events, Book 2)",Lemony Snicket,1999,HarperCollins,0,2
Bloodsucking Fiends: A Love Story,Christopher Moore,1996,Perennial,0,2
Cujo,Stephen King,2004,Signet Book,8,3
The Weight of Water : A Novel Tag: Author of Resistance and Strange Fits of Passion,Anita Shreve,1998,Back Bay Books,0,2
Cold Mountain,Charles Frazier,1997,Atlantic Monthly Press,0,2
Guardian,John Saul,1995,Fawcett Books,0,2
The World According to Garp,John Irving,1994,Ballantine Books,0,4
The Man Who Ate the 747,Ben Sherwood,2002,Bantam Books,0,2
The Remains of the Day (Vintage International),Kazuo Ishiguro,1993,Vintage Books USA,0,2
TickTock,Dean R. Koontz,1997,Ballantine Books,0,4
Christy,Catherine Marshall,1976,Avon,0,2
Cold Fire,Dean R. Koontz,1996,Berkley Publishing Group,8,1
All That Glitters (Landry),V.C. Andrews,1995,Pocket,0,0
Angels,Marian Keyes,2003,HarperTorch,0,2
"Pawn of Prophecy (The Belgariad, Book 1)",David Eddings,1990,Del Rey Books,10,2
The Talisman,STEPHEN KING,2001,Ballantine Books,0,3
Practical Magic,Alice Hoffman,1996,Berkley Publishing Group,0,1
Lost Souls,POPPY BRITE,1993,Dell,0,2
Wuthering Heights,EMILY BRONTE,1983,Bantam,4,2
The Blue Day Book,Bradley Trevor Greive,2000,Andrews McMeel Publishing,10,2
West With the Night,Beryl Markham,1983,North Point Press,0,2
The Right Hand of Evil,John Saul,2000,Ballantine Books,0,4
"The Fires of Heaven (The Wheel of Time, Book 5)",Robert Jordan,1994,Tor Fantasy,0,2
The Indian in the Cupboard,Lynne Reid Banks,1999,HarperTrophy,0,2
Pandora: New Tales of the Vampires (New Tales of the Vampires),Anne Rice,1999,Ballantine Books,4,4
The Poisonwood Bible: A Novel,Barbara Kingsolver,1999,Perennial,9,2
Feast of All Saints,Anne Rice,1986,Ballantine Books,10,4
Jane Eyre (Bantam Classics),Charlotte Bronte,1983,Bantam,7,2
The Little Prince,Antoine de Saint-ExupÃ©ry,1968,Harcourt,9,2
The Tale of the Body Thief (Vampire Chronicles (Paperback)),Anne Rice,1993,Ballantine Books,7,4
The True Confessions of Charlotte Doyle (rack),Avi,1992,HarperTrophy,8,2
Anne of Windy Poplars (Anne of Green Gables Novels (Paperback)),L.M. MONTGOMERY,1983,Bantam Classics,10,2
Talk Before Sleep: A Novel,Elizabeth Berg,1995,Island,7,2
Anne's House of Dreams,L.M. MONTGOMERY,1983,Bantam Classics,10,2
"The Fellowship of the Ring (The Lord of the Rings, Part 1)",J.R.R. TOLKIEN,1986,Del Rey,10,2
Jewel,Bret Lott,1999,Washington Square Press,4,2
"Rich Dad, Poor Dad: What the Rich Teach Their Kids About Money--That the Poor and Middle Class Do Not!",Robert T. Kiyosaki,2000,Warner Books,0,2
"The Vampire Armand (The Vampire Chronicles, Book 6)",Anne Rice,2000,Ballantine Books,9,4
"The Subtle Knife (His Dark Materials, Book 2)",PHILIP PULLMAN,1998,Del Rey,0,2
OLD MAN AND THE SEA,Ernest Hemingway,1995,Scribner,8,2
"The Two Towers (The Lord of the Rings, Part 2)",J.R.R. TOLKIEN,1986,Del Rey,10,2
The Silmarillion,J.R.R. TOLKIEN,1985,Del Rey,10,2
"The Return of the King (The Lord of the Rings, Part 3)",J.R.R. TOLKIEN,1986,Del Rey,10,2
"The Dragon Reborn (The Wheel of Time, Book 3)",Robert Jordan,1992,Tor Fantasy,0,2
"Memnoch the Devil (Vampire Chronicles, No 5)",Anne Rice,1997,Ballantine Books,8,4
Anne of Ingleside (Anne of Green Gables Novels (Paperback)),L.M. MONTGOMERY,1984,Bantam Classics,10,2
Never Change,Elizabeth Berg,2002,Washington Square Press,6,2
What We Keep,Elizabeth Berg,2002,Ballantine Books,0,4
The Great Gatsby,F. Scott Fitzgerald,1995,Scribner,8,2
Lasher: Lives of the Mayfair Witches (Lives of the Mayfair Witches),Anne Rice,1995,Ballantine Books,8,4
"The Wide Window (A Series of Unfortunate Events, Book 3)",Lemony Snicket,2000,HarperCollins,7,2
Mercy,Julie Garwood,2002,Pocket,0,0
Scarlet Feather,Maeve Binchy,2002,Signet Book,9,3
The Associate,Phillip Margolin,2002,HarperTorch,0,2
Sick Puppy,Carl Hiaasen,2001,Warner Vision,0,2
The Forgotten (Peter Decker &amp; Rina Lazarus Novels (Paperback)),Faye Kellerman,2002,Avon,0,2
The Jury,Steve Martini,2002,Jove Books,0,2
False Memory,Dean R. Koontz,2000,Bantam Books,0,2
Summer Light,Luanne Rice,2002,Bantam Books,0,2
The Next Accident,LISA GARDNER,2002,Bantam,0,2
Dust to Dust,TAMI HOAG,2002,Bantam,0,2
Moon Music (Peter Decker &amp; Rina Lazarus Novels (Paperback)),Faye Kellerman,1999,Avon,0,2
The Woman Next Door,Barbara Delinsky,2002,Pocket,0,0
Farm Fatale: A Comedy of Country Manors,Wendy Holden,2002,Plume Books,0,2
The Quiet Game,Greg Iles,2000,Signet Book,0,3
The Third Option,Vince Flynn,2001,Pocket Star,0,0
Dream Country,Luanne Rice,2002,Bantam Books,0,2
Mistaken Identity,Lisa Scottoline,2000,HarperTorch,0,2
Parallel Lies,Ridley Pearson,2002,Hyperion Press,0,2
Bittersweet,DANIELLE STEEL,2000,Dell,0,6
The Map of Love,Ahdaf Soueif,2000,Anchor Books/Doubleday,0,2
Stanislaski Sisters,Nora Roberts,2001,Silhouette,0,5
The Promise,Danielle Steel,1978,Dell,0,6
The Ring,Danielle Steel,1983,Dell,0,6
Thurston House,Danielle Steel,1984,Dell,0,6
Wanderlust,Danielle Steel,1987,Dell,0,6
Vanished,Danielle Steel,1994,Dell,0,6
Hemlock Bay,Catherine Coulter,2002,Jove Books,0,2
Small Town Girl,Lavyrle Spencer,1998,Jove Books,0,2
Cordina's Crown Jewel,Nora Roberts,2002,Silhouette,0,5
Glory in Death,J. D. Robb,2004,Berkley Publishing Group,0,1
Before I Say Good-Bye : A Novel,Mary Higgins Clark,2000,Simon &amp; Schuster,0,0
The Thorn Birds,Colleen McCullough,1978,Avon,0,2
Heartbeat,Danielle Steel,1992,Dell,0,6
The Ranch,DANIELLE STEEL,1998,Dell,0,6
Rising Tides,Nora Roberts,2001,Jove Books,0,5
Inner Harbor (Quinn Brothers (Paperback)),Nora Roberts,2001,Jove Books,0,5
Birthright,Nora Roberts,2004,Jove Books,0,5
Impulse,Catherine Coulter,2001,Signet Book,0,3
Carolina Moon,Nora Roberts,2001,Jove Books,0,5
Lone Eagle,Danielle Steel,2002,Dell Publishing Company,0,6
Home Song,Lavyrle Spencer,1995,Jove Books,0,2
Mirror Image,Danielle Steel,1999,Dell Publishing Company,0,6
Let Me Call You Sweetheart,Mary Higgins Clark,1996,Pocket,0,0
Remember Me,Mary Higgins Clark,1995,Pocket,0,0
"Irish Rebel (Special Edition, 1328)",Nora Roberts,2000,Silhouette,0,5
Engaging The Enemy,Nora Roberts,2003,Silhouette,0,5
"Truly, Madly Manhattan",Nora Roberts,2003,Silhouette,0,5
A Beautiful Mind: The Life of Mathematical Genius and Nobel Laureate John Nash,Sylvia Nasar,2001,Simon &amp; Schuster,0,2
Changes,Danielle Steel,1984,Dell,0,6
Family Album,Danielle Steel,1989,Dell,0,6
Once in a Lifetime,Danielle Steel,1983,Dell,0,6
Palomino,DANIELLE STEEL,1985,Dell,0,6
Daddy,DANIELLE STEEL,1990,Dell,0,6
Jewels,Danielle Steel,1993,Dell,0,6
Five Days in Paris,DANIELLE STEEL,1997,Dell,0,6
Special Delivery: A Novel,Danielle Steel,1998,Dell Publishing Company,0,6
The Green Mile: The Mouse on the Mile (Green Mile Series),Stephen King,1996,Signet Book,0,3
The Reef,Nora Roberts,1999,Jove Books,0,5
My Gal Sunday,Mary Higgins Clark,2003,Pocket,0,0
Winter Solstice,Rosamunde Pilcher,2001,St. Martin's Paperbacks,0,2
Harry Potter and the Prisoner of Azkaban (Book 3),J. K. Rowling,1999,Scholastic,0,2
Harry Potter and the Goblet of Fire (Book 4),J. K. Rowling,2000,Scholastic,0,2
Sacred Sins,Nora Roberts,1990,Bantam Books,0,5
Granny Dan,DANIELLE STEEL,2000,"Random House, Inc.",0,6
Stanislaski Brothers (Silhouette Promo),Nora Roberts,2000,Silhouette,0,5
On Mystic Lake,Kristin Hannah,2000,Ballantine Books,0,4
Holding the Dream (Dream Trilogy),Nora Roberts,2001,Jove Books,0,5
A Perfect Stranger,Danielle Steel,1983,Dell,0,6
Midnight Bayou,Nora Roberts,2004,Jove Books,0,5
Montana Sky,Nora Roberts,2000,Jove Books,0,5
Born in Fire,Nora Roberts,1994,Jove Books,0,5
Stillwatch,MARY HIGGINS CLARK,1986,Dell,0,0
"Night Shield (Intimate Moments, 1027)",Nora Roberts,2000,Silhouette,0,5
Message from Nam,Danielle Steel,1991,Dell,0,6
Beloved,Toni Morrison,1998,Plume Books,0,2
The Two Dead Girls (Green Mile Series),Stephen King,1996,Signet Book,0,3
Reflections And Dreams,Nora Roberts,2001,Silhouette,0,5
Witness in Death (Eve Dallas Mysteries (Paperback)),J. D. Robb,2004,Berkley Publishing Group,0,1
Journey,Danielle Steel,2001,Dell Publishing Company,0,6
Dreamcatcher,Stephen King,2003,Pocket,0,3
The Ghost,Danielle Steel,1998,Dell Publishing Company,0,6
McNally's Secret (Archy McNally Novels (Paperback)),Lawrence Sanders,1994,Berkley Publishing Group,0,1
Considering Kate (The Stanislaskis) (Silhouette Special Edition),Nora Roberts,2001,Silhouette,0,5
Fine Things,Danielle Steel,1988,Dell,0,6
Silent Night : A Christmas Suspense Story,Mary Higgins Clark,1996,Pocket,0,0
The Lottery Winner: Alvirah and Willy Stories,Mary Higgins Clark,1994,Simon &amp; Schuster,0,0
A Night to Remember,WALTER LORD,1997,Bantam,0,2
Public Secrets,Nora Roberts,1990,Bantam,0,5
Naked in Death,J. D. Robb,2004,Berkley Publishing Group,0,1
The Scottish Bride (Bride Trilogy (Paperback)),Catherine Coulter,2001,Jove Books,0,2
The Cradle Will Fall,Mary Higgins Clark,1991,Pocket,0,0
Make the Connection: Ten Steps to a Better Body and a Better Life,Bob Greene,1996,Hyperion Press,0,2
Hidden Riches,Nora Roberts,2004,Jove Books,0,5
Now and Forever,Danielle Steel,1978,Dell,0,6
Summer's End,Danielle Steel,1980,Dell,0,6
Accident,Danielle Steel,1995,Dell,0,6
Morning Glory,LaVyrle Spencer,1990,Jove Books,0,2
Going Home,Danielle Steel,1991,Pocket,0,6
True Betrayals,Nora Roberts,1996,Jove Books,0,5
No Greater Love,Danielle Steel,1992,Dell,0,6
Three Wishes,Barbara Delinsky,1998,Pocket,0,0
Homeport,Nora Roberts,1999,Jove Books,0,5
Kaleidoscope,Danielle Steel,1988,Dell,0,6
Star,Danielle Steel,1990,Dell,0,6
Beyond Eden,Catherine Coulter,2000,Signet Book,0,3
Finding the Dream,Nora Roberts,1997,Jove Books,0,5
The Macgregors: Alan - Grant (The Macgregors),Nora Roberts,1999,Silhouette,0,5
Irresistible Forces,Danielle Steel,2000,Dell Publishing Company,0,6
The Cottage,Danielle Steel,2003,Dell Publishing Company,0,6
The Wedding,Danielle Steel,2001,Dell Publishing Company,0,6
Leap of Faith,Danielle Steel,2002,Dell Publishing Company,0,6
Eleventh Hour: An FBI Thriller (FBI Thriller (Jove Paperback)),Catherine Coulter,2004,Jove Books,0,2
Sweet Revenge,NORA ROBERTS,1997,Bantam,0,5
Genuine Lies,Nora Roberts,1999,Bantam,0,5
Deck the Halls (Holiday Classics),Mary Higgins Clark,2002,Pocket,0,0
Until You,Judith McNaught,1995,Pocket,0,0
Robert Ludlum's The Hades Factor,Robert Ludlum,2001,St. Martin's Paperbacks,0,2
The Bear and the Dragon (Jack Ryan Novels),Tom Clancy,2001,Berkley Publishing Group,0,1
Dragon Tears,Dean R. Koontz,1995,Berkley Publishing Group,0,1
Tom Clancy's Op-Center Balance of Power (Tom Clancy's Op Center (Paperback)),Tom Clancy,1998,Prime Crime,0,2
Zen and the Art of Motorcycle Maintenance: An Inquiry into Values,ROBERT PIRSIG,1984,Bantam,10,2
Starship Troopers,Robert A. Heinlein,1987,Ace Books,10,2
Politika (Tom Clancy's Power Plays (Paperback)),Tom Clancy,1999,Berkley Publishing Group,0,1
"Chapterhouse Dune (Dune Chronicles, Book 6)",Frank Herbert,1996,ACE Charter,10,2
Clear and Present Danger (Jack Ryan Novels),Tom Clancy,1996,Berkley Publishing Group,0,1
"ROAD LESS TRAVELED : A New Psychology of Love, Traditional Values, and Spritual Growth (Touchstone Books (Paperback))",M. Scott Peck,1980,Touchstone,5,2
Stranger in a Strange Land (Remembering Tomorrow),Robert A. Heinlein,1995,ACE Charter,10,2
The Eyes of the Dragon,Stephen King,2001,Signet Book,0,3
On Writing,Stephen King,2000,Scribner,0,3
Taltos: Lives of the Mayfair Witches,Anne Rice,1994,Alfred A. Knopf,0,2
The Cry of the Halidon,Robert Ludlum,1996,Bantam Books,0,2
WAITING TO EXHALE,Terry McMillan,1993,Pocket,10,0
The Handmaid's Tale : A Novel,Margaret Atwood,1998,Anchor,0,2
The General's Daughter,Nelson DeMille,1993,Warner Books,0,2
Digital Fortress : A Thriller,Dan Brown,2003,St. Martin's Press,0,2
Angelas Ashes,Frank Mccourt,0,Harpercollins Uk,0,2
Bookends : A Novel,Jane Green,2003,Broadway,0,2
Rose Madder,Stephen King,1995,Viking Books,5,3
Track of the Cat (Anna Pigeon Mysteries (Paperback)),Nevada Barr,1994,Avon Books,7,2
Hunting Season (Anna Pigeon Novels (Paperback)),Nevada Barr,2003,Berkley Publishing Group,5,1
Deception on His Mind,ELIZABETH GEORGE,1998,Bantam,9,2
"Redwall (Redwall, Book 1)",Brian Jacques,1998,Ace Books,0,2
Firestorm (Anna Pigeon Mysteries (Paperback)),Nevada Barr,1997,Avon,5,2
Lies and the Lying Liars Who Tell Them: A Fair and Balanced Look at the Right,Al Franken,2003,Dutton Books,0,2
Who Moved My Cheese? An Amazing Way to Deal with Change in Your Work and in Your Life,Spencer Johnson,1998,Putnam Pub Group (Paper),7,2
Plantation: A Lowcountry Tale,Dorothea Benton Frank,2001,Jove Books,0,2
Wifey,Judy Blume,1989,Pocket,6,0
How To Win Friends And Influence People,Dale Carnegie,1990,Pocket,0,0
"Dragons of Autumn Twilight (Dragonlance Chronicles, Vol 1)",Margaret Weis,1990,TSR,9,2
Sleepers,Lorenzo Carcaterra,1996,Ballantine Books,0,4
Holes (Yearling Newbery),LOUIS SACHAR,2000,Yearling,0,2
The Cardinal of the Kremlin (Jack Ryan Novels),Tom Clancy,1989,Berkley Publishing Group,0,1
Shock Wave (Dirk Pitt Adventures (Paperback)),Clive Cussler,1996,Pocket,0,0
FLOOD TIDE,Clive Cussler,1998,Pocket Books,0,0
Serpent : A Novel from the NUMA Files (Numa Files Series),Clive Cussler,2000,Pocket,0,2
The Adventures of Huckleberry Finn (Bantam Classics),MARK TWAIN,1981,Bantam,8,2
"The Shelters of Stone (Earth's Children, Book 5)",JEAN M. AUEL,2003,Bantam,0,2
Gone For Good,HARLAN COBEN,2002,Delacorte Press,0,2
Red Storm Rising,Tom Clancy,1997,Berkley Publishing Group,0,1
Sudden Prey,John Sandford,1997,Berkley Publishing Group,0,1
Black Hawk Down (Movie Tie-in),Mark Bowden,2002,Signet,0,2
"The Drawing of the Three (The Dark Tower, Book 2)",Stephen King,1997,Signet Book,0,3
Deception Point,Dan Brown,2002,Pocket,0,0
On the Road (Penguin 20th Century Classics),Jack Kerouac,1998,Penguin USA (Paper),0,2
The Giver (21st Century Reference),LOIS LOWRY,1994,Laure Leaf,0,2
"Last Dance, Last Chance (Ann Rule's Crime Files)",Ann Rule,2002,Pocket,0,0
Atlantis Found,Clive Cussler,2001,Berkley Publishing Group,0,1
The Bourne Ultimatum,Robert Ludlum,1991,Bantam Books,0,2
Contact,Carl Sagan,1997,Pocket,0,0
A Thief of Time (Joe Leaphorn/Jim Chee Novels),Tony Hillerman,1990,HarperTorch,0,2
Basket Case,Carl Hiaasen,2003,Warner Books,0,2
Snow Crash,Neal Stephenson,1993,Bantam,0,2
"Heir to the Empire (Star Wars: The Thrawn Trilogy, Vol. 1)",Timothy Zahn,1998,Bantam,8,2
Bearing an Hourglass (Incarnations of Immortality (Paperback)),Piers Anthony,1991,Del Rey Books,0,2
The Final Judgment,Richard North Patterson,1997,Ballantine Books,0,4
Gift from the Sea,Anne Morrow Lindbergh,1991,Pantheon Books,8,2
Critical Judgment,Michael Palmer,1998,Bantam Books,0,2
Strip Tease,Carl Hiaasen,1994,Warner Books,8,2
The Face of Deception,Iris Johansen,1999,Bantam Books,0,2
Inca Gold (Clive Cussler),Clive Cussler,1995,Pocket,10,0
Outbreak,Robin Cook,1991,Berkley Publishing Group,0,1
Where is Joe Merchant?,Jimmy Buffett,1993,Avon,9,2
"The Waste Lands (The Dark Tower, Book 3)",Stephen King,1997,Signet Book,0,3
The Soul Catcher: A Maggie O'Dell Novel,Alex Kava,2003,Mira,0,2
The Corrections: A Novel,Jonathan Franzen,2002,Picador USA,9,2
American Gods,Neil Gaiman,2002,HarperTorch,9,2
Notes From a Small Planet,Bill Bryson,0,Bantam Doubleday Dell,0,2
Shopgirl,Steve Martin,2001,Hyperion,9,2
Speaking in Tongues,Jeffery Deaver,2002,Pocket,0,0
Back When We Were Grownups : A Novel (Ballantine Reader's Circle),ANNE TYLER,2002,Ballantine Books,0,4
She's Come Undone (Oprah's Book Club (Paperback)),Wally Lamb,1996,Washington Square Press,0,2
The Vagina Monologues: The V-Day Edition,Eve Ensler,2000,Villard Books,5,2
Bag of Bones,Stephen King,1999,Pocket,0,3
Bridget Jones : The Edge of Reason,Helen Fielding,2000,Viking Books,0,2
Lucky : A Memoir,Alice Sebold,2002,Back Bay Books,10,2
Certain Prey,John Sandford,2000,Berkley Publishing Group,8,1
Unfit to Practice,Perri O'Shaughnessy,2003,Dell Publishing Company,0,2
Where the Red Fern Grows,Wilson Rawls,1984,Random House Children's Books,0,2
Gravity : A Novel of Medical Suspense,Tess Gerritsen,2000,Pocket,6,0
A Year in Provence,Peter Mayle,1991,Vintage Books USA,0,2
All I Need to Know I Learned from My Cat,Suzy Becker,1990,Workman Publishing,9,2
A Thin Dark Line (Mysteries &amp; Horror),TAMI HOAG,1998,Bantam,0,2
Night Prey,John Sandford,2004,Berkley Publishing Group,0,1
Chromosome 6,Robin Cook,2000,Berkley Publishing Group,0,1
Reviving Ophelia: Saving the Selves of Adolescent Girls (Ballantine Reader's Circle),Mary Pipher,1995,Ballantine Books,0,4
Darkness,John Saul,1992,Bantam Books,0,2
Full Blast (Janet Evanovich's Full Series),Janet Evanovich,2004,St. Martin's Paperbacks,0,2
The Cat Who Went Up the Creek,Lilian Jackson Braun,2003,Jove Books,0,2
Different Seasons,Stephen King,1983,Penguin Putnam~mass,0,3
September,Rosamunde Pilcher,1991,St. Martin's Press,0,2
Chasing the Dime,Michael Connelly,2003,Warner Books,0,2
Cause Celeb,Helen Fielding,2001,Viking Books,0,2
Bloodstream,Tess Gerritsen,1999,Pocket,0,0
The Witching Hour (Lives of the Mayfair Witches),ANNE RICE,1993,Ballantine Books,0,4
Silent Prey,John Sandford,2000,Berkley Publishing Group,0,1
Executive Orders (Jack Ryan Novels),Tom Clancy,1997,Berkley Publishing Group,0,1
The Kiss,Danielle Steel,2002,Dell Publishing Company,0,6
"Scarlett : The Sequel to Margaret Mitchell's \Gone With the Wind\""""",Alexandra Ripley,1992,Warner Books,0,2
A Case of Need,Michael Crichton,1994,Signet Book,0,3
Insomnia,Stephen King,1995,Signet Book,0,3
The Cat Who Turned on and Off (Cat Who... (Paperback)),Lilian Jackson Braun,1995,Jove Books,10,2
GARDEN OF SHADOWS (Dollanger Saga (Paperback)),Ariel Jennifer Jones,1987,Pocket,0,2
Hidden Jewel (Landry),V.C. Andrews,1995,Pocket,0,0
Roses Are Red,James Patterson,2000,Little Brown and Company,0,2
"The Mammoth Hunters (Auel, Jean M. , Earth's Children.)",Jean M. Auel,1986,Bantam Books,0,2
Left Behind: A Novel of the Earth's Last Days (Left Behind #1),Tim Lahaye,2000,Tyndale House Publishers,0,2
The Alibi,Sandra Brown,2000,Warner Books,0,2
"Every Breath You Take : A True Story of Obsession, Revenge, and Murder",Ann Rule,2002,Pocket,0,0
Good Omens,Neil Gaiman,1996,Ace Books,0,2
An Accidental Woman,Barbara Delinsky,2003,Pocket Books,0,0
The Hours : A Novel,Michael Cunningham,1998,"Farrar, Straus and Giroux",0,2
Dragonfly in Amber,DIANA GABALDON,1993,Dell,0,2
Darwin's Radio,Greg Bear,2000,Ballantine Books,0,4
The Princess Diaries,Meg Cabot,2001,HarperTrophy,9,2
Bad Heir Day,Wendy Holden,2001,Plume Books,0,2
Once a Thief,Kay Hooper,2002,Bantam Books,0,2
Babyville,JANE GREEN,2003,Broadway,0,2
Grave Secrets,Kathy Reichs,2003,Pocket Star,0,0
The Cat Who Knew Shakespeare,Lilian Jackson Braun,1988,Jove Books,0,2
Jemima J: A Novel About Ugly Ducklings and Swans,Jane Green,2001,Broadway Books,0,2
Portrait in Sepia : A Novel,Isabel Allende,2002,Perennial,0,2
Standing in the Rainbow,FANNIE FLAGG,2003,Ballantine Books,0,4
Phantoms,Dean R. Koontz,1996,Berkley Publishing Group,0,1
2010: Odyssey Two,Arthur C. Clarke,1984,Del Rey Books,0,2
Family: The Ties That Bind and Gag,Erma Bombeck,1991,Fawcett Books,0,2
Secrets of the Morning (Cutler),V.C. Andrews,1991,Pocket,0,0
Darkest Hour (Cutler),V.C. Andrews,1993,Pocket,0,0
The Cat Who Talked to Ghosts,Lilian Jackson Braun,1996,Jove Books,9,2
The Plains of Passage (Earth's Children (Paperback)),JEAN M. AUEL,1991,Bantam,0,2
Wild Justice,Phillip Margolin,2001,HarperTorch,0,2
Last Chance Saloon,Marian Keyes,2002,Avon,0,2
Eyes of a Child,Richard North Patterson,1996,Ballantine Books,0,4
Paradise Lost,J.A. Jance,2002,Avon,0,2
The Bookman's Wake (Cliff Janeway Novels (Paperback)),John Dunning,1996,Pocket Star,0,0
The Mulberry Tree,Jude Deveraux,2003,Pocket,0,0
The Tenth Justice,Brad Meltzer,1998,Warner Books,0,2
The Homing,John Saul,1995,Fawcett Books,0,2
The Footprints of God : A Novel,Greg Iles,2004,Pocket Star,0,0
The Crimson Petal and the White,Michel Faber,2003,Harvest Books,0,2
Asking for Trouble: A Novel,Elizabeth Young,2001,Avon Trade,0,2
Jupiter's Bones : A Peter Decker/Rina Lazarus Novel (Peter Decker &amp; Rina Lazarus Novels (Paperback)),Faye Kellerman,2000,Avon,0,2
The Ladies Auxiliary (Ballantine Reader's Circle),Tova Mirvis,2000,Ballantine Books,0,4
Killer Pancake,Diane Mott Davidson,1996,Crimeline,0,2
Killjoy,Julie Garwood,2003,Ballantine Books,0,4
The Blessing,Jude Deveraux,1999,Pocket Star,0,0
Fortune's Rocks : A Novel,Anita Shreve,2001,Back Bay Books,0,2
Acts of Malice,Perri O'Shaughnessy,2000,Island,0,2
Eyes of Prey,John Sandford,2004,Berkley Publishing Group,0,1
"Nora, Nora: A Novel",Anne Rivers Siddons,2001,HarperTorch,0,5
Firestarter,Stephen King,2003,Signet Book,9,3
The Cat Who Smelled a Rat (Cat Who... (Paperback)),Lilian Jackson Braun,2002,Jove Books,10,2
Bad Boy,Olivia Goldsmith,2002,Signet Book,0,3
Narcissus in Chains (Anita Blake Vampire Hunter (Paperback)),Laurell K. Hamilton,2002,Jove Books,0,2
Music in the Night (Logan),V.C. Andrews,1998,Pocket,0,0
Stone Kiss,Faye Kellerman,2003,Warner Books,0,2
Atonement: A Novel,Ian McEwan,2002,Nan A. Talese,0,2
Shock,Robin Cook,2002,Berkley Publishing Group,0,1
The Deep End of the Ocean,Jacquelyn Mitchard,1999,Signet Book,0,3
Harvest,Tess Gerritsen,1997,Pocket,0,0
Sweet Liar,Jude Deveraux,1993,Pocket,0,0
Between Friends,Debbie Macomber,2003,Mira Books,0,2
Mr. Maybe,Jane Green,2002,Broadway Books,0,2
Sisters Found,Joan Johnston,2002,Mira,0,2
The Mask,Dean R. Koontz,1989,Berkley Publishing Group,0,1
Not Without My Daughter,Betty Mahmoody,1993,St. Martin's Press,0,2
High Tide,Jude Deveraux,2000,Pocket,0,0
Still Waters,TAMI HOAG,1992,Bantam,0,2
Eaters of the Dead,MICHAEL CRICHTON,1988,Ballantine Books,0,4
Temptation,Jude Deveraux,2001,Pocket Books,0,0
Sword of Shannara,Terry Brooks,1995,Del Rey Books,0,2
Brazen Virtue,Nora Roberts,1996,Bantam Books,7,5
Legend,Jude Deveraux,1997,Pocket,0,0
Daughter of Fortune: A Novel,Isabel Allende,2001,HarperTorch,0,2
Ender's Shadow,Orson Scott Card,2000,Tor Books,0,2
Guilty Pleasures (Anita Blake Vampire Hunter (Paperback)),Laurell K. Hamilton,1995,Ace Books,0,2
"Wizard's First Rule (Sword of Truth, Book 1)",Terry Goodkind,1997,Tor Fantasy,10,2
Dead Until Dark (Southern Vampire Mysteries),Charlaine Harris,2001,Ace Books,0,2
One Hundred Years of Solitude (Oprah's Book Club),Gabriel Garcia Marquez,2004,Perennial,0,2
Visions of Sugar Plums: A Stephanie Plum Holiday Novel,Janet Evanovich,2004,St. Martin's Paperbacks,0,2
"Pride and Prejudice (The Penguin English Library, El 72)",Jane Austen,1985,Penguin Books,0,2
Circus of the Damned (Anita Blake Vampire Hunter (Paperback)),Laurell K. Hamilton,1995,Ace Books,0,2
Desperation,Stephen King,1996,Viking Books,0,3
The Laughing Corpse (Anita Blake Vampire Hunter (Paperback)),Laurell K. Hamilton,1994,Ace Books,8,2
Dragonsdawn,Anne McCaffrey,1989,Del Rey Books,0,2
The Lost World: A Novel,Michael Crichton,1995,Alfred A. Knopf,0,2
Needful Things: The Last Castle Rock Story,Stephen King,1991,Viking Books,0,3
The Cat Who Robbed a Bank (Cat Who... (Paperback)),Lilian Jackson Braun,2001,Jove Books,0,2
Chocolat,Joanne Harris,2000,Penguin Books,0,2
MOONLIGHT BECOMES YOU,Mary Higgins Clark,1996,Simon &amp; Schuster,0,0
The Talented Mr. Ripley (Vintage Crime/Black Lizard),Patricia Highsmith,1992,Vintage Books USA,0,2
The Eyre Affair: A Novel,Jasper Fforde,2003,Penguin Books,10,2
The Stand (The Complete and Uncut Edition),Stephen King,1990,Doubleday Books,0,3
Serpent's Tooth : A Peter Decker/Rina Lazarus Novel (Peter Decker &amp; Rina Lazarus Novels (Paperback)),Faye Kellerman,1998,Avon,0,2
A Wrinkle in Time,Madeleine L'Engle,1976,Laure Leaf,10,2
The Worst-Case Scenario Survival Handbook,Joshua Piven,1999,Chronicle Books,9,2
N Is for Noose (Kinsey Millhone Mysteries (Hardcover)),Sue Grafton,1998,Henry Holt &amp; Company,8,2
Death in Holy Orders : An Adam Dalgliesh Mystery,P.D. JAMES,2002,Fawcett,0,2
Perfect Evil (Maggie O'Dell Novels (Paperback)),Alex Kava,2001,Mira,0,2
The Horse You Came In On,Martha Grimes,1996,Ballantine Books,0,4
Death of A Salesman,Arthur Miller,1998,Penguin USA (Paper),3,2
Girl with a Pearl Earring,Tracy Chevalier,2001,Plume Books,8,2
A Cup of Tea (Ballantine Reader's Circle),Amy Ephron,1998,Ballantine Books,0,4
Anne Frank: The Diary of a Young Girl,ANNE FRANK,1993,Bantam,0,2
A Swiftly Tilting Planet,Madeleine L'Engle,1979,Laure Leaf,10,2
Shopaholic Ties the Knot,Sophie Kinsella,2003,Delta,10,2
The Pilot's Wife,Anita Shreve,2001,"Little, Brown",10,2
Space,James A. Michener,1988,Fawcett Books,0,2
Outer Banks,Anne Rivers Siddons,1992,HarperTorch,0,2
Shadowfires,Dean R. Koontz,1994,Berkley Publishing Group,0,1
Waiting to Exhale,Terry McMillan,1995,Pocket,0,0
Reading Lolita in Tehran: A Memoir in Books,Azar Nafisi,2003,Random House Trade Paperbacks,0,2
While I Was Gone,Sue Miller,1999,Ballantine Books,5,4
The River King,Alice Hoffman,2000,Putnam Publishing Group,0,1
The Outsiders,S. E. Hinton,1993,Learning Curve,0,2
The Andromeda Strain,MICHAEL CRICHTON,1992,Ballantine Books,0,4
Airframe,Michael Crichton,1997,Ballantine Books,0,4
Debt of Honor (Jack Ryan Novels),Tom Clancy,1997,Berkley Publishing Group,0,1
Ssn,Tom Clancy,2000,Berkley Publishing Group,0,1
Easy Prey,John Sandford,2001,Berkley Publishing Group,0,1
The Attorney,Steve Martini,2001,Jove Books,0,2
One Hundred Years of Solitude,Gabriel Garcia Marquez,1998,Perennial,10,2
Daughter of Fortune,Isabel Allende,2000,Perennial,0,2
Net Force,Tom Clancy,1999,Berkley Publishing Group,0,1
Reversible Errors: A Novel,Scott Turow,2002,Farrar Straus Giroux,0,2
Speaking With the Angel,Nick Hornby,2001,Riverhead Books,0,2
The Lilac Bus: Stories,Maeve Binchy,1992,Dell,0,2
Apollyon: The Destroyer Is Unleashed (Left Behind No. 5),Jerry Jenkins,2000,Tyndale House Publishers,0,2
About a Boy,Nick Hornby,1999,Riverhead Books,0,2
Plainsong,Kent Haruf,1999,Alfred A. Knopf,9,2
Pride and Prejudice,Jane Austen,1981,Bantam,0,2
Wuthering Heights (Wordsworth Classics),Emily Bronte,1997,NTC/Contemporary Publishing Company,0,2
Cold Paradise (Stone Barrington Novels (Paperback)),Stuart Woods,2002,Signet Book,0,3
Poland,James A. Michener,1990,Fawcett Books,0,2
The First Eagle (Jim Chee Novels),Tony Hillerman,1999,HarperTorch,0,2
The Lost Continent: Travels in Small-Town America,Bill Bryson,1990,Perennial,0,2
The Boy Next Door,Meggin Cabot,2002,Avon Trade,0,2
Balzac and the Little Chinese Seamstress,Dai Sijie,2001,Alfred A. Knopf,9,2
Chicken Soup for the Pet Lover's Soul (Chicken Soup for the Soul),Jack Canfield,1998,Health Communications,8,2
The Shipping News : A Novel,Annie Proulx,2001,Scribner,9,2
Lasher,Anne Rice,1993,Alfred A. Knopf,7,2
Patty Jane's House of Curl (Ballantine Reader's Circle),LORNA LANDVIK,1996,Ballantine Books,8,4
Strange Fits of Passion: A Novel,Anita Shreve,1999,Harvest Books,0,2
The Mothman Prophecies,John A. Keel,2002,Tor Books,0,2
How to Make an American Quilt,Whitney Otto,1992,Ballantine Books,8,4
Standing in the Rainbow : A Novel,FANNIE FLAGG,2002,Random House,10,2
"Eats, Shoots &amp; Leaves: The Zero Tolerance Approach to Punctuation",Lynne Truss,2004,Gotham Books,10,2
The Westing Game (Now in Speak!),Ellen Raskin,1997,Penguin Putnam Books for Young Readers,0,2
The Curious Incident of the Dog in the Night-Time (Vintage Contemporaries),Mark Haddon,2004,Vintage,10,2
AGE OF INNOCENCE (MOVIE TIE-IN),Edith Wharton,1993,Scribner,5,2
Hearts In Atlantis : New Fiction,Stephen King,1999,Scribner,8,3
"Angus, Thongs and Full-Frontal Snogging: Confessions of Georgia Nicolson",Louise Rennison,2001,HarperTempest,8,2
Gap Creek: A Novel,Robert Morgan,2000,Algonquin Books of Chapel Hill,0,2
Thursday'S At Eight,Debbie Macomber,2002,Mira,7,2
Servant of the Bones,Anne Rice,1998,Ballantine Books,2,4
The Darwin Awards: Evolution in Action,Wendy Northcutt,2002,Plume Books,8,2
Nightmares &amp; Dreamscapes,Stephen King,2004,Signet Book,0,3
Second Nature,Alice Hoffman,1995,Berkley Publishing Group,0,1
"Artemis Fowl (Artemis Fowl, Book 1)",Eoin Colfer,2002,Miramax Kids,0,2
Alaska,James A. Michener,1994,Fawcett Books,0,2
Charlotte's Web,E. B. White,1974,Scholastic Paperbacks (T),0,2
If Only It Were True,Marc Levy,2000,Atria,0,2
Once upon a More Enlightened Time: More Politically Correct Bedtime Stories,James Finn Garner,1995,MacMillan Publishing Company.,0,2
The Stand: Complete and Uncut,Stephen King,1991,Signet Book,0,3
Island of the Blue Dolphins,SCOTT O'DELL,1971,Random House Children's Books,0,2
Low Country,Anne Rivers Siddons,1999,HarperTorch,0,2
Up Island: A Novel,Anne Rivers Siddons,1998,HarperTorch,0,2
Little House in the Big Woods,Laura Ingalls Wilder,1953,HarperTrophy,0,2
"The Lion, the Witch, and the Wardrobe (The Chronicles of Narnia, Book 2)",C. S. Lewis,1994,HarperCollins,0,2
Portrait in Sepia,Isabel Allende,2001,HarperCollins Publishers,0,2
Of Mice and Men (Penguin Great Books of the 20th Century),John Steinbeck,1993,Penguin Books,0,2
Matilda,Roald Dahl,1990,Puffin Books,0,2
Elfstones of Shannara,Terry Brooks,1990,Del Rey Books,0,2
Friday,Robert Heinlein,1988,Del Rey Books,0,2
The Black Unicorn (Magic Kingdom of Landover Novel),Terry Brooks,1990,Del Rey Books,0,2
Primal Fear,William Diehl,1996,Ballantine Books,0,4
Watership Down,Richard Adams,1976,Avon,0,2
Things Fall Apart : A Novel,CHINUA ACHEBE,1994,Anchor,0,2
Hideaway,Dean R. Koontz,1992,Berkley Publishing Group,5,1
Tom Clancy's Op-Center: Games of State (Tom Clancy's Op Center (Paperback)),Tom Clancy,1996,Berkley Publishing Group,0,1
Bio-Strike (Tom Clancy's Power Plays (Paperback)),Jerome Preisler,2000,Berkley Publishing Group,0,1
Tom Clancy's Op-Center: Line of Control (Tom Clancy's Op Center (Paperback)),Jeff Rovin,2001,Berkley Publishing Group,0,1
Tai-Pan,JAMES CLAVELL,1986,Dell,7,2
Breach of Promise,Perri O'Shaughnessy,1999,Island,0,2
Tourist Season,Carl Hiaasen,1987,Warner Books,0,2
Windmills of the Gods,Sidney Sheldon,1987,Warner Books,0,2
French Silk,Sandra Brown,1993,Warner Books,0,2
Total Control,David Baldacci,1997,Warner Books,0,2
Killing Time,Caleb Carr,2002,Warner Books,0,2
Blue Highways a Journey Into America,William Least Heat-Moon,1983,Ballantine Books,0,4
Catering to Nobody,Diane Mott Davidson,1995,Fawcett Books,0,2
Native Tongue,Carl Hiaasen,1992,Fawcett Books,0,2
Christine,Stephen King,1983,Penguin Putnam~mass,0,3
Mitigating Circumstances,Nancy Taylor Rosenberg,1993,Signet Book,0,3
My Point - And I Do Have One,Ellen Degeneres,1995,Bantam,0,2
The Bell Jar,Sylvia Plath,1983,Bantam,0,2
A Separate Peace,John Knowles,1985,Bantam Books,0,2
Time Bomb (Alex Delaware Novels (Paperback)),Jonathan Kellerman,1991,Bantam Books,0,2
Playing for the Ashes,ELIZABETH GEORGE,1995,Bantam,0,2
"Monster Blood (Goosebumps, No 3)",R. L. Stine,1995,Scholastic,0,2
Melody (Logan),V.C. Andrews,1996,Pocket,0,0
Unfinished Symphony (Logan),V.C. Andrews,1997,Pocket,0,0
Dawn (Cutler),V.C. Andrews,1990,Pocket,0,0
What Dreams May Come : A Novel,Richard Matheson,1998,Tor Books,0,2
"Assassins: Assignment: Jerusalem, Target: Antichrist (Left Behind No. 6)",Tim Lahaye,2000,Tyndale House Publishers,0,2
This Present Darkness,Frank E. Peretti,1986,Crossway Books,0,2
A Cold Heart: An Alex Delaware Novel,JONATHAN KELLERMAN,2003,Ballantine Books,0,4
"Girl, Interrupted",SUSANNA KAYSEN,1994,Vintage,7,2
The Perfect Storm: A True Story of Men Against the Sea,Sebastian Junger,1997,Little Brown and Company,0,2
The Pilot's Wife : A Novel Tag: Author of the Weight of Water (Oprah's Book Club (Hardcover)),Anita Shreve,1999,"Little, Brown",10,2
"Welcome to the World, Baby Girl!",Fannie Flagg,1999,Ballantine Books,0,4
Politically Correct Bedtime Stories: Modern Tales for Our Life and Times,James Finn Garner,1994,John Wiley &amp; Sons Inc,0,2
The Sisterhood of the Traveling Pants,Ann Brashares,2001,Delacorte Press,0,2
A Pirate Looks at Fifty,Jimmy Buffett,1999,Fawcett Books,0,2
The Tao of Pooh,Benjamin Hoff,1983,Penguin Books,0,2
Stranger Is Watching,Mary Higgins Clark,1991,Pocket,0,0
Mama Makes Up Her Mind: And Other Dangers of Southern Living,Bailey White,1994,Vintage Books USA,8,2
The Charm School,Nelson DeMille,1989,Warner Books,0,2
A Confederacy of Dunces,John Kennedy Toole,1995,Outlet Books Company,0,2
Letters from a Nut,Ted L. Nancy,1999,William Morrow,10,2
The Perks of Being a Wallflower,Stephen Chbosky,1999,MTV,9,2
Apocalipstick,SUE MARGOLIS,2003,Delta,0,2
The Poisonwood Bible,Barbara Kingsolver,1999,HarperCollins,0,2
Uh-Oh: Some Observations from Both Sides of the Refrigerator Door,Robert Fulghum,1993,Ivy Books,0,2
Ten Stupid Things Women Do to Mess Up Their Lives,Laura C. Schlessinger,1995,Perennial,0,2
Getting Over It,Anna Maxted,2001,Regan Books,10,2
"Princess in the Spotlight (The Princess Diaries, Vol. 2)",Meg Cabot,2002,HarperTrophy,10,2
The Persian Pickle Club,Sandra Dallas,1996,St. Martin's Griffin,0,2
The Lake of Dead Languages (Ballantine Reader's Circle),Carol Goodman,2003,Ballantine Books,0,4
Dog Handling,CLARE NAYLOR,2002,Ballantine Books,8,4
I Don't Know How She Does It,ALLISON PEARSON,2003,Knopf,0,2
Nicolae: The Rise of Antichrist (Left Behind No. 3),Tim F. Lahaye,1998,Tyndale House Publishers,0,2
Little Altars Everywhere,Rebecca Wells,2003,HarperTorch,0,2
Choke,CHUCK PALAHNIUK,2002,Anchor,0,2
Four Past Midnight,Stephen King,2001,Signet Book,0,3
On the Street Where You Live : A Novel,Mary Higgins Clark,2001,Simon &amp; Schuster,0,0
Where or When  : A Novel,Anita Shreve,1999,Harvest Books,0,2
The Curious Incident of the Dog in the Night-Time : A Novel,MARK HADDON,2003,Doubleday,0,2
The Hitchhiker's Guide to the Galaxy,Douglas Adams,1995,Ballantine Books,0,4
City of Bones,Michael Connelly,2003,Warner Books,0,2
Range of Motion,Elizabeth Berg,1996,Jove Books,0,2
BAG OF BONES : A NOVEL,Stephen King,1998,Scribner,0,3
The Human Stain : A Novel,PHILIP ROTH,2001,Vintage,0,2
Flowers In The Attic (Dollanganger),V.C. Andrews,1990,Pocket,0,0
Pride and Prejudice (Penguin Popular Classics),Jane Austen,1994,Penguin Books Ltd,0,2
Looking Back,Belva Plain,2002,Dell Publishing Company,0,2
American Psycho (Vintage Contemporaries),Bret Easton Ellis,2000,Vintage Books USA,0,2
House of Leaves,Mark Z. Danielewski,2000,Pantheon Books,10,2
Dune (Remembering Tomorrow),Frank Herbert,1996,ACE Charter,9,2
Alias Grace : A Novel,Margaret Atwood,1997,Anchor,8,2
Sophie's World: A Novel About the History of Philosophy,Jostein Gaarder,1996,Berkley Publishing Group,10,1
Pope Joan (Ballantine Reader's Circle),Donna Woolfolk Cross,1996,Ballantine Books,0,4
Behind the Scenes at the Museum : A Novel,Kate Atkinson,1999,Picador,0,2
Without Remorse,Tom Clancy,2004,Berkley Publishing Group,0,1
Passage,Connie Willis,2002,Bantam Books,9,2
Acts of War (Tom Clancy's Op Center (Paperback)),Tom Clancy,1997,Berkley Publishing Group,0,1
Wild Swans: Three Daughters of China,JUNG CHANG,1992,Anchor,8,2
Galapagos,"Kurt, Jr. Vonnegut",1986,Dell,9,2
Move to Strike,Perri O'Shaughnessy,2001,Island,9,2
The Second Summer of the Sisterhood,ANN BRASHARES,2003,Delacorte Books for Young Readers,0,2
In Cold Blood (Vintage International),TRUMAN CAPOTE,1994,Vintage,0,2
"Tales of the City (Tales of the City Series, V. 1)",Armistead Maupin,1989,Perennial,4,2
The Terminal Man,Michael Crichton,1988,Ballantine Books,6,4
Kushiel's Dart,Jacqueline Carey,2002,Tor Books,0,2
MÃ?Â¶rder ohne Gesicht.,Henning Mankell,1999,Dtv,8,2
Stupid White Men. Eine Abrechnung mit dem Amerika unter George W. Bush,Michael Moore,2003,Piper,9,2
"The Eye of the World (The Wheel of Time, Book 1)",Robert Jordan,1990,Tor Fantasy,8,2
Mystic River,Dennis Lehane,2002,HarperTorch,6,2
Restaurant At the End of the Universe,Douglas Adams,0,Pan Books Ltd,7,2
Das Parfum: Die Geschichte Eines Morders,Patrick Suskind,1994,Distribooks Inc,0,2
Writ of Execution,Perri O'Shaughnessy,2002,Dell Publishing Company,9,2
Flesh and Blood,Jonathan Kellerman,2002,Ballantine Books,6,4
The Coffin Dancer (Lincoln Rhyme Novels (Paperback)),Jeffery Deaver,1999,Pocket Books,0,0
Night over Water,Ken Follett,1992,Signet Book,0,3
The Cat Who Came to Breakfast,Lilian Jackson Braun,1995,Jove Books,0,2
I Know This Much Is True,Wally Lamb,1999,Regan Books,9,2
Conversations with God : An Uncommon Dialogue (Book 1),Neale Donald Walsch,1996,Putnam Publishing Group,0,2
The Midnight Club,James Patterson,1999,Warner Vision,8,2
Dr. Death: A Novel,Jonathan Kellerman,2000,Random House Trade,0,2
The Education of Little Tree (A Zia Book),Forrest Carter,1986,University of New Mexico Press,9,2
Divine Secrets of the Ya-Ya Sisterhood : A Novel,Rebecca Wells,1996,HarperCollins,0,2
The Perfect Husband,LISA GARDNER,1997,Bantam,3,2
A Tree Grows in Brooklyn,Betty Smith,1998,Perennial,9,2
Long Time No See,Susan Isaacs,2002,HarperTorch,0,2
The Last Don,MARIO PUZO,1997,Ballantine Books,8,4
Into the Wild,Jon Krakauer,1997,Anchor,0,2
Mind Prey,John Sandford,2004,Berkley Publishing Group,10,1
Burn Marks (V.I. Warshawski Novels (Paperback)),Sara Paretsky,1991,Dell,8,2
The Once and Future King,T. H. White,1987,Ace Books,4,2
The Songcatcher: A Ballad Novel,Sharyn McCrumb,2002,Signet Book,0,3
24 Hours,Greg Iles,2001,Signet Book,0,3
The Virgin Blue,Tracy Chevalier,2003,Plume Books,0,2
Midnight in the Garden of Good and Evil,John Berendt,1999,Vintage Books USA,9,2
The Constant Gardener,John le Carre,2001,Pocket,0,0
Trunk Music (Detective Harry Bosch Mysteries),Michael Connelly,1998,St. Martin's Press,0,2
Fortune's Hand,Belva Plain,2000,Dell Publishing Company,6,2
The Outsiders (Now in Speak!),S. E. Hinton,1997,Puffin Books,8,2
Honor Among Thieves,Jeffrey Archer,1994,HarperTorch,10,2
A Place of Execution,Val McDermid,2001,St. Martin's Paperbacks,5,2
The Piano Tuner : A Novel,DANIEL MASON,2003,Vintage,0,2
Secret Prey,John Sandford,2003,Berkley Publishing Group,0,1
A Yellow Raft in Blue Water,Michael Dorris,1998,Warner Books,8,2
Border Music,Robert James Waller,1995,Warner Books,7,2
The Remnant: On the Brink of Armageddon (Left Behind No. 10),Tim LaHaye,2002,Tyndale House Publishers,0,2
"Guns, Germs, and Steel: The Fates of Human Societies",Jared Diamond,1999,W. W. Norton &amp; Company,9,2
The Hobbit: or There and Back Again,J.R.R. Tolkien,1999,Houghton Mifflin Company,10,2
The Sum of All Fears (Jack Ryan Novels),Tom Clancy,1996,Berkley Publishing Group,5,1
Le Divorce (William Abrahams Book),Diane Johnson,1997,Plume Books,8,2
The Cat Who Lived High,Lilian Jackson Braun,1991,Jove Books,0,2
"Hidden Agendas (Tom Clancy's Net Force, No. 2)",Tom Clancy,1999,Berkley Publishing Group,0,1
Lost Light,Michael Connelly,2004,Warner Vision,0,2
"The Dilbert Principle: A Cubicle'S-Eye View of Bosses, Meetings, Management Fads &amp; Other Workplace Afflictions",Scott Adams,1996,HarperBusiness,10,2
Rebecca,Daphne Du Maurier,1994,Avon,0,2
The Scarlet Letter,NATHANIEL HAWTHORNE,1965,Bantam,8,2
Neverwhere,Neil Gaiman,1998,Avon,7,2
Bastard Out of Carolina,Dorothy Allison,1993,Plume Books,9,2
"Dude, Where's My Country?",Michael Moore,2003,Warner Books,7,2
Midnight in the Garden of Good and Evil: A Savannah Story,John Berendt,1994,Random House,0,2
FROM POTTER'S FIELD,Patricia Cornwell,1995,Scribner,0,2
It Was on Fire When I Lay Down on It,Robert Fulghum,1993,Ivy Books,8,2
The Passion of Artemisia,Susan Vreeland,2002,Penguin Books,8,2
Falling Angels,Tracy Chevalier,2002,Plume Books,7,2
Tis: A Memoir,Frank McCourt,2000,Scribner,8,2
The Stone Monkey (Lincoln Rhyme Novels (Paperback)),Jeffery Deaver,2003,Pocket,8,0
"Breaking Point (Tom Clancy's Net Force, No. 4)",Steve Perry,2000,Berkley Publishing Group,5,1
Into Thin Air : A Personal Account of the Mount Everest Disaster,JON KRAKAUER,1997,Villard,7,2
The Art of Happiness: A Handbook for Living,Dalai Lama,1998,Penguin Putnam,0,2
The Lost Boy: A Foster Child's Search for the Love of a Family,Dave Pelzer,1997,Health Communications,10,2
Gap Creek: The Story Of A Marriage,Robert Morgan,2000,Touchstone,7,2
Courting Trouble,Lisa Scottoline,2003,HarperTorch,10,2
Legal Tender,Lisa Scottoline,1997,HarperTorch,7,2
Blindsighted,Karin Slaughter,2002,HarperTorch,0,2
The Hammer of Eden: A Novel,Ken Follett,1999,Fawcett Books,0,2
Dead Sleep,Greg Iles,2002,Signet Book,0,3
And Then There Were None : A Novel,Agatha Christie,2001,St. Martin's Paperbacks,9,2
Cat and Mouse,James Patterson,1997,Replica Books,10,2
The Cater Street Hangman,Anne Perry,1990,Fawcett Books,0,2
The Postman (Bantam Classics),David Brin,1990,Spectra Books,8,2
Amsterdam : A Novel,IAN MCEWAN,1999,Anchor,9,2
Quentins,Maeve Binchy,2003,Signet Book,9,3
Prime Cut,Diane Mott Davidson,2000,Bantam Books,0,2
The Good Earth (Enriched Classics),Pearl S. Buck,1994,Pocket,0,0
YOU BELONG TO ME,Mary Higgins Clark,1998,Simon &amp; Schuster,10,0
The Wasp Factory,Iain Banks,0,Abacus,0,2
The Sum of All Fears,Tom Clancy,2002,Berkley Publishing Group,0,1
The Concrete Blonde (A Harry Bosch Novel),Michael Connelly,1995,St. Martin's Paperbacks,9,2
The Time Traveler's Wife (Today Show Book Club #15),Audrey Niffenegger,2003,MacAdam/Cage Publishing,10,2
Plum Island,Nelson DeMille,1998,Warner Books,10,2
The Cat Who Ate Danish Modern (Cat Who... (Paperback)),Lilian Jackson Braun,1990,Jove Books,0,2
And Then There Were None,Agatha Christie,1995,Berkley Publishing Group,0,1
Full Speed (Janet Evanovich's Full Series),Janet Evanovich,2003,St. Martin's Paperbacks,5,2
One for the Money (A Stephanie Plum Novel),Janet Evanovich,2003,St. Martin's Paperbacks,0,2
The Things They Carried,TIM O'BRIEN,1998,Broadway,7,2
Man and Boy: A Novel,Tony Parsons,2002,Touchstone,0,2
The Cat Who Moved a Mountain,Lilian Jackson Braun,1992,Jove Books,7,2
The Patient,Michael Palmer,2001,Bantam Books,0,2
Prelude to Foundation (Foundation Novels (Paperback)),ISAAC ASIMOV,1989,Spectra,9,2
Seabiscuit,LAURA HILLENBRAND,2003,Ballantine Books,7,4
The Mosquito Coast,Paul Theroux,1990,Harper Mass Market Paperbacks (Mm),8,2
Coyote Waits (Joe Leaphorn/Jim Chee Novels),Tony Hillerman,1992,HarperTorch,8,2
The Secret Diary of Adrian Mole Aged 13 3/4,Sue Townsend,1982,Methuen Publishing Ltd,0,2
"Dune Messiah (Dune Chronicles, Book 2)",Frank Herbert,1994,ACE Charter,10,2
The Godfather,Mario Puzo,2004,Signet Book,0,3
Catch 22,Joseph Heller,1996,Simon &amp; Schuster,8,2
The Miracle Life of Edgar Mint: A Novel,Brady Udall,2002,Vintage Books USA,0,2
Bel Canto,Ann Patchett,2001,HarperCollins Publishers,6,2
James and the Giant Peach,Roald Dahl,2000,Penguin USA (Paper),0,2
Jonathan Livingston Seagull,Richard Bach,1976,Avon,0,2
Dragonflight (Dragonriders of Pern Trilogy (Paperback)),Anne McCaffrey,1991,Del Rey Books,9,2
Four Blondes,Candace Bushnell,2001,Grove Press,3,2
The Night Before,Lisa Jackson,2003,Zebra Books,7,2
Simple Abundance:  A Daybook of Comfort and Joy,Sarah Ban Breathnach,1995,Warner Books,8,2
The Bear and the Dragon,Tom Clancy,2000,G. P. Putnam's Sons,0,2
Patriot Games,Tom Clancy,1992,Berkley Publishing Group,0,1
The Unbearable Lightness of Being,Milan Kundera,1988,Harpercollins,8,2
Angle of Repose (Contemporary American Fiction),Wallace Stegner,1992,Penguin Books,0,2
Lonesome Dove,Larry McMurtry,1988,Pocket,0,0
The Grapes of Wrath: John Steinbeck Centennial Edition (1902-2002),John Steinbeck,2002,Penguin Books,0,2
"Life,the Universe and Everything",Douglas Adams,0,Pan Books Ltd,0,2
Blackberry Wine,Joanne Harris,2001,Black Swan,0,2
"The Devil in the White City : Murder, Magic, and Madness at the Fair That Changed America (Illinois)",ERIK LARSON,2003,Crown,0,2
A Walk in the Woods: Rediscovering America on the Appalachian Trail (Official Guides to the Appalachian Trail),Bill Bryson,1999,Broadway Books,8,2
Valhalla Rising (Dirk Pitt Adventures (Paperback)),Clive Cussler,2002,Berkley Publishing Group,0,1
Half Asleep in Frog Pajamas,Tom Robbins,1995,Bantam,7,2
Sex &amp; the City,Candace Bushnell,1997,Warner Books,0,2
Angel Falls,KRISTIN HANNAH,2001,Ballantine Books,7,4
Sense and Sensibility,Jane Austen,1995,Signet Book,0,3
The Cabinet of Curiosities,Douglas Preston,2003,Warner Books,0,2
The Wailing Wind,Tony Hillerman,2003,HarperTorch,0,2
"House Atreides (Dune: House Trilogy, Book 1)",Brian Herbert,2000,Spectra Books,8,2
The Cat Who Played Brahms,Lilian Jackson Braun,1997,Jove Books,0,2
As Nature Made Him: The Boy Who Was Raised As a Girl,John Colapinto,2000,HarperCollins Publishers,10,2
The Curious Incident of the Dog in the Night-Time (Today Show Book Club #13),Mark Haddon,2003,Doubleday,9,2
Skinwalkers (Joe Leaphorn/Jim Chee Novels),Tony Hillerman,1990,HarperTorch,8,2
Body of Lies,IRIS JOHANSEN,2003,Bantam,10,2
The Cat Who Could Read Backwards,Lilian Jackson Braun,1994,Jove Books,0,2
The Cat Who Wasn't There,Lilian Jackson Braun,1994,Jove Books,3,2
The Simple Truth,David Baldacci,1999,Warner Books,9,2
Cryptonomicon,Neal Stephenson,2002,Avon Books,9,2
The Copper Beech,Maeve Binchy,1993,Dell,8,2
Montana,Debbie Macomber,1998,Mira,5,2
Dying for Chocolate (Culinary Mysteries (Paperback)),DIANE MOTT DAVIDSON,1993,Bantam,9,2
Blood Orchid,Stuart Woods,2003,Signet Book,5,3
Lullaby: A Novel,Chuck Palahniuk,2003,Anchor Books/Doubleday,8,2
A Walk in the Woods: Rediscovering America on the Appalachian Trail,Bill Bryson,1998,Bantam Dell Pub Group,9,2
WLD ACCORDNG GARP,John Irving,1979,Pocket,0,0
The Bridge Across Forever,Richard Bach,1986,Dell,0,2
A RIVER RUNS THROUGH IT AND OTHER STORIES : AND OTHER STORIES,Norman Maclean,1992,Pocket,0,0
Summon the Keeper,Tanya Huff,1998,Daw Books,0,2
Talking God (Jim Chee Novels),Tony Hillerman,1991,HarperTorch,8,2
The Third Twin,Ken Follett,1997,Fawcett Books,8,2
Der Vorleser,Bernhard Schlink,1999,Diogenes Verlag AG,0,2
Night Chills,Dean R. Koontz,1996,Berkley Publishing Group,8,1
Mr. Murder,Dean R. Koontz,1996,Berkley Publishing Group,0,1
Free,Paul Vincent,2003,Upfront Publishing,8,2
Hill Towns,Anne Rivers Siddons,1994,HarperTorch,7,2
The Rule of Four,Ian Caldwell,2004,Dial Books,0,2
Illusions: The Adventures of a Reluctant Messiah,Richard Bach,1994,Dell Publishing Company,10,2
Russendisko.,Wladimir Kaminer,2002,Goldmann,7,2
Tales of a Fourth Grade Nothing,JUDY BLUME,1976,Yearling,0,2
"I, Robot",ISAAC ASIMOV,1991,Spectra,0,2
Fire Ice: A Novel from the Numa Files (Kurt Austin Adventures (Paperback)),Clive Cussler,2003,Berkley Publishing Group,10,1
"Out of Africa ; and, Shadows on the grass",Isak Dinesen,1985,Vintage Books,0,2
"The Professor and the Madman: A Tale of Murder, Insanity, and the Making of The Oxford English Dictionary",Simon Winchester,1999,Perennial,10,2
Under the Tuscan Sun : At Home in Italy,FRANCES MAYES,2003,Broadway,8,2
Stolen Lives: Twenty Years in a Desert Jail,Malika Oufkir,2001,Talk Miramax Books,10,2
Stormy Weather,Carl Hiaasen,1996,Warner Books,0,2
Shipping News,E Annie Proulx,0,Fourth Estate,8,2
Holidays on Ice : Stories,David Sedaris,1998,Back Bay Books,0,2
Midnight Voices,JOHN SAUL,2003,Ballantine Books,7,4
Deep South,Nevada Barr,2001,Berkley Publishing Group,0,1
Orchid Blues (Holly Barker Novels (Paperback)),Stuart Woods,2002,Signet Book,7,3
Under the Tuscan Sun,Frances Mayes,1997,Broadway,8,2
Soul Harvest: The World Takes Sides (Left Behind No. 4),Tim Lahaye,1999,Tyndale House Publishers,10,2
Stardust,Neil Gaiman,2003,Avon,5,2
Perfume: The Story of a Murderer (Vintage International),Patrick Suskind,2001,Vintage Books USA,0,2
One Thousand White Women : The Journals of May Dodd: A Novel,Jim Fergus,1999,St. Martin's Griffin,7,2
What We Keep : A Novel (Ballantine Reader's Circle),Elizabeth Berg,1999,Ballantine Books,8,4
Blindness (Harvest Book),Jose Saramago,1999,Harvest Books,9,2
"A Game of Thrones (A Song of Ice and Fire, Book 1)",George R.R. Martin,1997,Spectra Books,8,2
Till We Meet Again,Judith Krantz,1989,Bantam Books,7,2
On the Road,Jack Kerouac,1991,Penguin Books,10,2
Hanna's Daughters (Ballantine Reader's Circle),Marianne Fredriksson,1999,Ballantine Books,8,4
Waiting,Ha Jin,1999,Pantheon Books,5,2
The Vendetta Defense,Lisa Scottoline,2002,HarperTorch,0,2
Gap Creek: The Story of a Marriage,Robert Morgan,2001,Touchstone,9,2
The Celestine Prophecy (Celestine Prophecy),James Redfield,1994,Warner Books,10,2
It's Not About the Bike: My Journey Back to Life,Lance Armstrong,2001,Berkley Publishing Group,8,1
The Heart of a Woman,Maya Angelou,1997,Bantam,7,2
The Tale of the Body Thief (Vampire Chronicles),Anne Rice,1992,Alfred A. Knopf,0,2
Sabriel (The Abhorsen Trilogy),Garth Nix,1997,HarperTrophy,10,2
CHOCOLATE FOR A WOMANS SOUL : 77 STORIES TO FEED YOUR SPIRIT AND WARM YOUR HEART (Chocolate),Kay Allenbaugh,1997,Fireside,5,2
Dracula (Signet Classics (Paperback)),Bram Stoker,1997,Signet Classics,8,3
Franny and Zooey,J.D. Salinger,1991,"Little, Brown",0,2
Butterfly (Orphans),V.C. Andrews,1998,Pocket,5,0
Horse Whisperer,Nicholas Evans,0,Bantam Doubleday Dell,9,2
84 Charing Cross Road,Helene Hanff,0,Warner Books> C/o Little Br,7,2
Disobedience: A Novel,Jane Hamilton,2001,Anchor Books/Doubleday,0,2
The Road from Coorain,Jill Ker Conway,1990,Vintage Books USA,8,2
The Greatest Generation,TOM BROKAW,1998,Random House,0,2
"Are You There God?  It's Me, Margaret",JUDY BLUME,1971,Yearling,0,2
A Wind in the Door,Madeleine L'Engle,1974,Yearling Books,7,2
The Chocolate War (Laurel Leaf Books),ROBERT CORMIER,1986,Laurel Leaf,8,2
"All the Pretty Horses (The Border Trilogy, Vol 1)",CORMAC MCCARTHY,1993,Vintage,8,2
A Darkness More Than Night,Michael Connelly,2002,Warner Vision,0,2
Ransom,Julie Garwood,1999,Pocket,8,0
Boy's Life,Robert McCammon,1992,Pocket,8,0
Reversible Errors,Scott Turow,2003,Warner Vision,7,2
Clear and Present Danger,Tom Clancy,1994,Berkley Publishing Group,7,1
Red Mars (Mars Trilogy),Kim Stanley Robinson,1993,Bantam,0,2
The Devil's Code,John Sandford,2004,Berkley Publishing Group,0,1
Silver Wedding,Maeve Binchy,1990,Dell,7,2
A Maiden's Grave,Jeff Deaver,1996,Signet Book,7,3
The Weight of Water,Anita Shreve,2001,"Little, Brown",8,2
A Patchwork Planet (Ballantine Reader's Circle),Anne Tyler,1999,Ballantine Books,9,4
Seinlanguage,Jerry Seinfeld,1995,Bantam Books,8,2
Hearts in Atlantis,Stephen King,2001,Pocket,8,3
Body of Evidence,Patricia Cornwell,1999,Pocket,0,0
Survival of the Fittest: An Alex Delaware Novel,Jonathan Kellerman,1998,Bantam,0,2
The Cat Who Came for Christmas,Cleveland Amory,1989,Penguin USA,7,2
Jennifer Government : A Novel,Max Barry,2003,Doubleday,0,2
The Cobra Event,Richard Preston,1998,Ballantine Books,8,4
The Hangman's Beautiful Daughter,Sharyn McCrumb,1993,Onyx Books,9,2
Apollo 13 : Lost Moon,Jim Lovell,1995,Pocket,0,0
Chopping Spree,Diane Mott Davidson,2003,Bantam Books,9,2
"Catherine, Called Birdy (Trophy Newbery)",Karen Cushman,1995,HarperTrophy,0,2
A Man Named Dave: A Story of Triumph and Forgiveness,David J. Pelzer,2000,Plume Books,10,2
Trevayne,Robert Ludlum,1992,Bantam Books,7,2
The Apocalypse Watch,Robert Ludlum,1996,Bantam Books,0,2
"Blood and Gold (Rice, Anne, Vampire Chronicles.)",Anne Rice,2002,Ballantine Books,8,4
Oldest Living Confederate Widow Tells All,Allan Gurganus,1990,Ivy Books,0,2
The Crush,Sandra Brown,2003,Warner Books,0,2
Code to Zero,Ken Follett,2001,Signet Book,9,3
Book Club,Mary Alice Monroe,1999,Mira,7,0
A Cold Heart (Alex Delaware Novels (Paperback)),JONATHAN KELLERMAN,2003,Ballantine Books,0,4
Hunting Badger (Joe Leaphorn/Jim Chee Novels),Tony Hillerman,2000,HarperCollins,9,2
The Weight of Water : A Novel Tag - Author of Resistance and Strange Fits of Passion,Anita Shreve,1997,"Little, Brown",0,2
Colony,Anne Rivers Siddons,1993,HarperTorch,10,2
Pot Shot,Robert B. Parker,2002,Berkley Publishing Group,0,1
Having Our Say : The Delany Sisters' First 100 Years,SARAH L. DELANY,1994,Dell,0,2
The Cat Who Saw Red,Lilian Jackson Braun,1991,Jove Books,0,2
The Cat Who Went into the Closet,Lilian Jackson Braun,1995,Jove Books,0,2
Frankenstein (Changing Our World),Mary Wollstonecraft Shelley,1984,Bantam,0,2
Mr. Perfect,Linda Howard,2001,Pocket Star,8,0
The Third Victim,LISA GARDNER,2001,Bantam,0,2
Revenge of the Middle-Aged Woman,Elizabeth Buchan,2003,Penguin USA (Paper),0,2
The Indwelling: The Beast Takes Possession (Left Behind #7),Tim Lahaye,2000,Tyndale House Publishers,0,2
Illuminati.,Dan Brown,2003,LÃ?Â¼bbe,10,2
Grendel,John Champlin Gardner,1989,Vintage Books USA,9,2
Sarum: The Novel of England,Edward Rutherford,1992,Ivy Books,0,2
Angry Housewives Eating Bon Bons (Ballantine Reader's Circle),LORNA LANDVIK,2004,Ballantine Books,0,4
Roots,ALEX HALEY,1980,Dell,8,2
Alive : The Story of the Andes Survivors (Avon Nonfiction),Piers Paul Read,1975,Avon,0,2
The Millionaires,Brad Meltzer,2002,Warner Vision,10,2
The Loop: A Novel,Nicholas Evans,1998,Delacorte Press,9,2
Caribbean,James A. Michener,1991,Fawcett Books,5,2
Middle of Nowhere,Ridley Pearson,2001,Hyperion,10,2
Split Second (Maggie O'Dell Novels (Paperback)),Alex Kava,2001,Mira,10,2
The Secret,Julie Garwood,1992,Pocket,0,0
Falling Leaves Brit Edition,Adeline Yen Mah,0,Penguin Putnam~trade,10,2
Orchid Beach (Holly Barker Novels (Paperback)),Stuart Woods,1999,HarperTorch,7,2
The Magician's Nephew (rack) (Narnia),C. S. Lewis,2002,HarperCollins,10,2
Candide (Penguin Classics),Francois M. Voltaire,1990,Penguin Books,0,2
The Sigma Protocol,Robert Ludlum,2002,St. Martin's Paperbacks,8,2
The Magic of You (Malory Novels (Paperback)),Johanna Lindsey,1993,Avon,6,2
The Vision,Dean R. Koontz,1997,Berkley Publishing Group,6,1
Tom Clancy's Op-Center: Mirror Image (Tom Clancy's Op Center (Paperback)),Tom Clancy,1995,Berkley Publishing Group,5,1
"Night Moves (Tom Clancy's Net Force, No. 3)",Tom Clancy,2000,Berkley Publishing Group,0,1
Get Shorty,Elmore Leonard,1991,Dell,8,2
Los Alamos: A Novel,Joseph Kanon,1998,Island,0,2
Personal Injuries,Scott Turow,2000,Warner Vision,8,2
Up Country,Nelson DeMille,2003,Warner Vision,0,2
The Witches of Eastwick,John Updike,1995,Fawcett Books,0,2
All Quiet on the Western Front,Erich Maria Remarque,1995,Ballantine Books,8,4
Jackdaws,Ken Follett,2002,Signet Book,1,3
Hornet Flight,Ken Follett,2003,Signet Book,7,3
"Wizard and Glass (The Dark Tower, Book 4)",Stephen King,1997,Plume Books,10,3
The Absence of Nectar,Kathy Hepinstall,2002,Jove Books,0,2
Dead Famous,Ben Elton,2002,"Black Swan Books, Limited",0,2
A Great Deliverance,Elizabeth George,1989,Bantam Books,8,2
Missing Joseph,Elizabeth George,1994,Bantam Books,0,2
Bell Jar,Sylvia Plath,0,Faber Faber Inc,8,2
Desecration: Antichrist Takes the Throne (Left Behind No. 9),Tim Lahaye,2001,Tyndale House Publishers,0,2
Shogun,JAMES CLAVELL,1986,Dell,8,2
Private Eyes (Alex Delaware Novels (Paperback)),Jonathan Kellerman,1992,Bantam Books,5,2
Toujours Provence (Vintage Departures),Peter Mayle,1992,Vintage Books USA,10,2
Natural Causes,Michael Palmer,1995,Bantam Books,0,2
The Cat Who Saw Stars (Cat Who... (Paperback)),Lilian Jackson Braun,2000,Jove Books,0,2
She Who Remembers,Linda Lay Shuler,1989,Signet Book,0,3
The Icarus Agenda,Robert Ludlum,1989,Bantam Books,0,2
The Cat Who Sniffed Glue,Lilian Jackson Braun,1996,Jove Books,0,2
East of the Mountains (Vintage Contemporaries (Paperback)),David Guterson,2000,Harvest Books,7,2
Darkfall,Dean R. Koontz,1996,Berkley Publishing Group,0,1
Self Matters : Creating Your Life from the Inside Out,Phillip C. McGraw,2001,Free Press,0,2
Mother of Pearl (Oprah's Book Club (Paperback)),Melinda Haynes,2000,Washington Square Press,0,2
The Purpose-Driven Life: What on Earth Am I Here For?,Rick Warren,2002,Zondervan Publishing Company,0,2
The Unbearable Lightness of Being : A Novel (Perennial Classics),Milan Kundera,1999,Perennial,0,2
"City of Golden Shadow (Otherland, Volume 1)",Tad Williams,1998,Daw Books,0,2
Bridge to Terabithia,Katherine Paterson,1987,HarperTrophy,8,2
"The Great Hunt (The Wheel of Time, Book 2)",Robert Jordan,1991,Tor Fantasy,0,2
The Time Traveler's Wife (Harvest Book),Audrey Niffenegger,2004,Harvest Books,8,2
The Angel of Darkness,Caleb Carr,1998,Ballantine Books,0,4
Escape the Night,Richard North Patterson,1995,Ballantine Books,0,4
Midnight Whispers (Cutler),V.C. Andrews,1992,Pocket,0,0
Soul Mountain,Gao Xingjian,2001,Perennial,0,2
Devices and Desires,Phyllis White,1991,Warner Books,0,2
Heart Song (Logan),V.C. Andrews,1997,Pocket,0,0
Tender at the Bone: Growing Up at the Table,Ruth Reichl,1999,Broadway Books,0,2
Little House on the Prairie,Laura Ingalls Wilder,1953,HarperTrophy,0,2
"Welcome to Dead House (Goosebumps, No 1)",R. L. Stine,1995,Scholastic,0,2
A Traitor to Memory,Elizabeth George,2002,Bantam Books,0,2
LONESOME DOVE,Larry McMurtry,1986,Pocket,0,0
Memories of Midnight,Sidney Sheldon,1991,Warner Books,0,2
Switcheroo : A Novel,Olivia Goldsmith,1999,HarperTorch,0,2
Term Limits,Vince Flynn,1999,Pocket Star,0,0
Where There's Smoke,Sandra Brown,1994,Warner Books,0,2
The Tailor of Panama,John Le Carre,1997,Ballantine Books,0,4
Birds of Prey: A Novel of Suspense,J.A. Jance,2002,Avon,0,2
The Eleventh Commandment,Jeffrey Archer,1999,HarperTorch,0,2
Women in His Life,Barbara Taylor Bradford,1994,Ballantine Books,0,4
Debt of Honor,Tom Clancy,1994,Putnam Publishing Group,0,1
The Cat Who Played Post Office (Cat Who... (Paperback)),Lilian Jackson Braun,1991,Jove Books,0,2
Scarlett: The Sequel to Margaret Mitchell's Gone With the Wind,Alexandra Ripley,1991,Warner Books Inc,0,2
Payment in Blood,Elizabeth George,1990,Bantam Books,0,2
Violin,Anne Rice,1999,Ballantine Books,0,4
Everything Is Illuminated : A Novel,Jonathan Safran Foer,2003,Perennial,0,2
Pen Pals,Olivia Goldsmith,2002,Signet Book,0,3
Travels With Charley: In Search of America,John Steinbeck,1980,Penguin Books,0,2
SEAT OF THE SOUL,Gary Zukav,1990,Free Press,0,2
Extreme Measures,Michael Palmer,1992,Bantam Books,0,2
Sun Also Rises,Ernest Hemingway,1995,Scribner,0,2
Pagan Babies,Elmore Leonard,2002,HarperTorch,0,2
The Beach,Alex Garland,1998,Riverhead Books,0,2
Belinda,Anne Rice,1994,Jove Books,0,4
The Dance of Anger: A Woman's Guide to Changing the Patterns of Intimate Relationships,Harriet Lerner,1997,Quill,2,2
The Crucible: A Play in Four Acts (Penguin Plays),Arthur Miller,1976,Penguin Books,0,2
Battlefield Earth: A Saga of the Year 3000,L. Ron Hubbard,1991,Bridge Publications,0,2
A Kiss of Shadows (Meredith Gentry Novels (Paperback)),LAURELL K. HAMILTON,2002,Ballantine Books,9,4
The Dark Half,Stephen King,1994,Signet Book,7,3
Ill Wind (Anna Pigeon Mysteries (Paperback)),Nevada Barr,1997,Avon Books,6,2
The 13th Juror,John T. Lescroart,1995,Dell,0,2
Merrick (Vampire Chronicles),Anne Rice,2000,Alfred A. Knopf,0,2
Blood Lure,Nevada Barr,2002,Berkley Publishing Group,0,1
The Magic Circle,Katherine Neville,1999,Ballantine Books,0,4
The Rosewood Casket,Sharyn McCrumb,1997,Signet Book,0,3
The Cat Who Sang for the Birds (Cat Who... (Paperback)),Lilian Jackson Braun,1999,Jove Books,0,2
Warning Signs,Stephen White,2003,Dell Publishing Company,0,2
When Rabbit Howls,Truddi Chase,1990,Jove Books,0,2
Ice Bound: A Doctor's Incredible Battle for Survival at the South Pole,Dr. Jerri Nielsen,2001,Miramax,9,2
SILENT NIGHT : The Story of the World War I Christmas Truce,Mary Higgins Clark,1995,Simon &amp; Schuster,0,0
Find Me,Rosie O'Donnell,2002,Warner Books,8,2
Bitter Harvest,Ann Rule,1999,Pocket,0,0
EVERYTHING SHE EVER WANTED,Ann Rule,1993,Pocket,0,0
The Empress File,John Sandford,2001,Berkley Publishing Group,0,1
Memnoch the Devil : The Vampire Chronicles (Vampire Chronicles),ANNE RICE,1995,Knopf,5,2
No One to Trust,IRIS JOHANSEN,2003,Bantam,0,2
Lolita (Vintage International),VLADIMIR NABOKOV,1989,Vintage,0,2
Different Seasons (Signet),Stephen King,2004,Signet Book,0,3
Three Weeks in Paris,BARBARA TAYLOR BRADFORD,2002,Dell,0,2
The Scandalous Summer of Sissy LeBlanc : A Novel,Loraine Despres,2002,Perennial,0,2
The Hearing,John Lescroart,2002,Signet Book,0,3
See How They Run,James Patterson,1997,Warner Books,0,2
Fallen Hearts,V.C. Andrews,1988,Pocket,0,0
One,Richard Bach,1989,Dell,8,2
Number the Stars (Yearling Newbery),Lois Lowry,1990,Yearling Books,0,2
Magic Kingdom for Sale - Sold! (Magic Kingdom of Landover),Terry Brooks,1990,Del Rey Books,0,2
Must Love Dogs: A Novel,Claire Cook,2002,Viking Books,8,2
Long Dark Tea Time of the Soul,Douglas Adams,1991,Pocket,0,0
Illusions,Richard Bach,1981,Bantam Doubleday Dell,9,2
Chicken Soup for the Teenage Soul II (Chicken Soup for the Soul Series),Jack Canfield,1998,HCI Teens,0,2
Sleep No More,Greg Iles,2003,Signet Book,0,3
Dead Aim,IRIS JOHANSEN,2004,Bantam Books,0,2
Sullivan's Island: A Lowcountry Tale,Dorothea Benton Frank,2000,Jove Books,0,2
"Children of Dune (Dune Chronicles, Book 3)",Frank Herbert,1991,Ace Books,0,2
Sleepwalk,John Saul,1997,Bantam Books,0,2
Whispers and Lies,Joy Fielding,2003,Pocket Books,0,0
The Cat Who Said Cheese,Lilian Jackson Braun,1997,Jove Books,0,2
Ringworld,Larry Niven,1990,Del Rey Books,0,2
The Professor and the Madman,Simon Winchester,1998,HarperCollins Publishers,10,2
Wouldn't Take Nothing for My Journey Now,Maya Angelou,1994,Bantam Books,0,2
Sushi for Beginners,Marian Keyes,2004,HarperTorch,0,2
The Straw Men,Michael Marshall,2002,Jove Books,8,2
Accordion Crimes,E. Annie Proulx,1996,Scribner,0,2
Farewell To Arms,Ernest Hemingway,1995,Scribner,0,2
Blessings : A Novel,ANNA QUINDLEN,2003,Random House Trade Paperbacks,0,2
"CRY IN THE NIGHT, A",MARY HIGGINS CLARK,1983,Dell,0,0
Kitchen Confidential: Adventures in the Culinary Underbelly,Anthony Bourdain,2001,Ecco,0,2
Secret History : A Novel,DONNA TARTT,1996,Ballantine Books,0,4
Under the Banner of Heaven : A Story of Violent Faith,JON KRAKAUER,2003,Doubleday,0,2
Fear and Loathing in Las Vegas : A Savage Journey to the Heart of the American Dream,HUNTER S. THOMPSON,1998,Vintage Books,0,2
Affinity,Sarah Waters,2002,Riverhead Books,0,2
The Dante Club : A Novel,MATTHEW PEARL,2004,Random House Trade Paperbacks,0,2
The Feast of Love (Vintage Contemporaries (Paperback)),Charles Baxter,2001,Vintage Books USA,0,2
The Main Corpse (Culinary Mysteries (Paperback)),Diane Mott Davidson,1997,Bantam Books,0,2
"On a Pale Horse (Incarnations of Immortality, Bk. 1)",Piers Anthony,1989,Del Rey Books,0,2
The Fountainhead,Ayn Rand,1996,New American Library,0,2
The Best Laid Plans,Sidney Sheldon,1998,Warner Books,9,2
The Orchid Thief (Ballantine Reader's Circle),Susan Orlean,2000,Ballantine Books,6,4
Queen Bee of Mimosa Branch,Haywood Smith,2003,St. Martin's Paperbacks,0,2
The Celestine Prophecy,James Redfield,1995,Warner Books,0,2
The Heart Is a Lonely Hunter,CARSON MCCULLERS,1983,Bantam,0,2
"Cybernation (Tom Clancy's Net Force, No. 6)",Steve Perry,2001,Berkley Publishing Group,7,1
A Clockwork Orange (Norton Paperback Fiction),Anthony Burgess,1986,W. W. Norton &amp; Company,0,2
I'm a Stranger Here Myself: Notes on Returning to America After 20 Years Away,Bill Bryson,2000,Broadway Books,0,2
October Sky: A Memoir,Homer Hickam,1999,Dell,0,2
Childhood's End,Arthur C. Clarke,1987,Del Rey Books,8,2
Creature,John Saul,1990,Bantam Books,0,2
Behind the Scenes at the Museum,Kate Atkinson,1996,Black Swan,0,2
Wuthering Heights (Penguin Classics),Emily Bronte,1985,Penguin USA,0,2
Northern Lights (His Dark Materials S.),Philip Pullman,1998,Scholastic Point,0,2
